filmid,slug
47042,king-of-new-york
51472,troy
1183135,the-sheep-detectives
1255394,the-odyssey-2026
51935,the-big-lebowski
51507,the-last-samurai
51495,the-usual-suspects
51781,fargo
47181,money-talks
1167858,the-death-of-robin-hood
1159251,disclosure-day
976419,backrooms-2026
1234472,obsession-2025
1156910,scary-movie-2026
187975,room-2015
50702,vanilla-sky
51976,war-of-the-worlds
51312,close-encounters-of-the-third-kind
51871,minority-report
1199247,apex-2026
611288,project-hail-mary
1205494,the-drama
52512,the-master-2012
787849,peaky-blinders-the-immortal-man
51782,the-silence-of-the-lambs
51974,before-sunrise
508246,another-round
44741,the-hurt-locker
1104348,the-secret-agent-2025
51454,oldboy
49811,barry-lyndon
51890,oceans-eleven-2001
1005018,good-fortune-2025
1196911,wuthering-heights-2026
1041012,nirvanna-the-band-the-show-the-movie
1143390,eternity-2025-1
1084117,send-help
1156409,28-years-later-the-bone-temple
772232,hamnet
1284627,the-testament-of-ann-lee
70007,avatar-fire-and-ash
680739,the-smashing-machine-2025
1187446,the-rip-2026
1255319,the-housemaid-2025
1231801,splitsville
1197499,marty-supreme
1125033,roofman
51817,some-like-it-hot
1118277,anaconda-2025
729113,wake-up-dead-man
981077,relay-2024
760193,red-one
51380,home-alone-2-lost-in-new-york
593280,havoc-2025
531894,den-of-thieves-2-pantera
45672,this-is-spinal-tap
51770,casablanca
1013357,sentimental-value-2025
964438,jay-kelly
565952,no-other-choice-2025
1090464,sorry-baby-2025
1125383,train-dreams
574595,eddington
1129199,caught-stealing
51886,back-to-the-future-part-ii
51945,back-to-the-future
1024562,materialists
871148,wicked-for-good
51469,paris-texas
1172787,a-house-of-dynamite
958100,frankenstein-2025
1333498,it-was-just-an-accident
1181463,blue-moon-2025
1301704,the-moment-2026
1170433,pillion-2025
1149140,after-the-hunt-2025
1122691,friendship-2024
1124701,warfare
620281,mickey-17
992786,28-years-later
951277,one-battle-after-another
1116755,black-bag-2025
543967,the-fantastic-4-first-steps
957050,superman-2025
931480,die-my-love
1113868,springsteen-deliver-me-from-nowhere
625400,bugonia
720953,kpop-demon-hunters
1148858,lurker-2025
1036511,honey-dont
972109,weapons-2025
1116600,sinners-2025
933381,the-naked-gun
877608,emilia-perez
901671,im-still-here-2024
977172,companion-2025
926589,nickel-boys
1164440,one-of-them-days
912810,hard-truths-2024
359505,nosferatu-2024
989125,babygirl-2024
478428,the-brutalist
651226,nightbitch
959540,anora
955184,queer-2024
806907,blitz-2024
913258,a-real-pain
337036,wicked-2024
486978,gladiator-ii
877253,conclave
704155,the-outrun
838140,the-substance
1004531,speak-no-evil-2024
1066919,kneecap
931164,trap-2024
641608,twisters
1110059,longlegs
1041957,sing-sing-2023
928261,kinds-of-kindness
842301,challengers
1209001,tony-2026
1488820,the-samurai-and-the-prisoner
45093,following
1186318,lee-cronins-the-mummy
1353408,gail-daughtry-and-the-celebrity-sex-pass
585258,the-worst-person-in-the-world
854831,the-invite-2026
51480,ai-artificial-intelligence
51194,paths-of-glory
50720,malcolm-x-1992
51485,when-harry-met-sally
936065,the-conjuring-last-rites
51377,a-trip-to-the-moon
307684,your-name
55864,good-morning
46175,perfect-blue
51280,singin-in-the-rain
807236,the-legend-of-ochi
1039736,death-of-a-unicorn
1087000,opus-2025
976214,on-becoming-a-guinea-fowl
999589,parthenope
48930,bicycle-thieves
991786,we-live-in-time
49254,the-machinist
42822,the-fall
51309,in-the-mood-for-love
1308587,hokum
51521,full-metal-jacket
51523,city-of-god
51348,roman-holiday
46344,fantastic-mr-fox
51542,jaws
744926,jackass-45
568872,the-fall-2019
45941,birth-2004
934839,janet-planet
1283684,the-christophers
84160,serpents-path
1103563,chime
1127005,cloud-2024
45224,thief
45163,the-exorcist-iii
197628,sicario-2015
45593,my-fair-lady
43947,a-mighty-wind
41544,waiting-for-guffman
1357408,undertone-2025
1024456,caught-by-the-tides
1167657,the-ugly-stepsister
1119662,the-lost-bus
1257923,song-sung-blue-2025
721566,arco
921575,elio
1302040,armed-only-with-a-camera-the-life-and-death
1259640,the-devil-is-busy
1197299,retirement-plan
905876,carry-on-2024
117621,interstellar
823648,beetlejuice-beetlejuice
521323,the-menu-2022
617443,dune-part-two
326279,lady-bird
835774,saltburn
475370,knives-out-2019
371378,dune-2021
784328,oppenheimer-2023
277064,barbie
50226,the-princess-bride
50992,thelma-louise
362362,good-time
404266,uncut-gems
48699,once
49019,american-gangster
41096,the-odyssey
112957,the-wind-rises
14093,the-secret-world-of-arrietty
51917,o-brother-where-art-thou
114661,august-osage-county
49054,burn-after-reading
27809,casino-royale-2006
51936,pretty-woman
70105,moonrise-kingdom
50220,nobody-knows
51939,scarface-1983
45971,the-squid-and-the-whale
1127669,look-back-2024
812015,close-2022
947030,monster-2023
1071220,blue-heron
236120,mistress-america
51135,the-remains-of-the-day
22878,never-let-me-go-2010
49232,sense-and-sensibility
14015,one-day-2011
147379,the-last-five-years
132034,enemy
114564,her
48000,idiocracy
50701,memoirs-of-a-geisha
1195586,the-devil-wears-prada-2
51712,the-devil-wears-prada
265439,blade-runner-2049
1369054,noah-kahan-out-of-body
174410,the-end-of-the-tour
2690,apocalypse-now
1232079,erupcja
47971,half-nelson
758296,hamlet-2025
51972,blade-runner
51084,blood-diamond
1098324,daughters
173771,obvious-child
496469,weathering-with-you
235746,songs-my-brothers-taught-me
18660,blue-valentine
1027525,is-this-thing-on-2025
348456,columbus-2017
385389,the-rider
110740,prisoners
975764,jane-austen-wrecked-my-life
80200,the-place-beyond-the-pines
37503,the-town
1400340,all-the-empty-rooms
1357402,the-voice-of-hind-rajab
742438,diane-warren-relentless
739451,flow-2024
1068413,the-apprentice-2024
1122351,atropia
897865,youre-cordially-invited
586583,a-complete-unknown
891291,a-different-man
516802,vanilla-2019
986257,y2k-2024
921578,inside-out-2-2024
997722,juror-2
948851,thelma-2024
619510,the-hunger-games-the-ballad-of-songbirds-snakes
680437,foe-2023
819429,the-other-zoey
755564,the-holdovers
839244,scream-vi
887650,theater-camp-2023
946607,rye-lane
649188,tetris
522405,shazam-fury-of-the-gods
878535,cora-bora
483951,are-you-there-god-its-me-margaret
575258,renfield
780724,ghosted-2023
985444,john-mulaney-baby-j
761379,one-true-loves
754824,maximum-truth
1030258,puppy-love-2023
895290,all-of-us-strangers
758173,daddio-2023
919121,priscilla
283829,love-at-first-sight-2023
674137,napoleon-2023
715514,family-switch
966990,anyone-but-you
949011,ponyboi-2024
792783,love-me-2024
914055,upgraded
910918,the-greatest-hits
900506,babes
918603,irish-wish
667550,the-fall-guy-2024
1001285,abigail-2024
565655,if-2024
916923,how-to-date-billy-walsh
935149,snack-shack
1013867,freakier-friday
980116,how-to-train-your-dragon-2025
398009,killers-of-the-flower-moon
1132435,playdate-2025
462903,tron-ares
1037631,nonnas
1125809,predator-badlands
817977,f1
465921,queen-slim
1025331,heretic-2024
591053,past-lives
51400,v-for-vendetta
503403,mission-impossible-the-final-reckoning
1082225,a-working-man
782006,the-accountant-2025
545985,the-platform
37688,law-abiding-citizen
502622,final-destination-bloodlines
45680,thirteen
171384,whiplash-2014
1013393,the-monkey-2025
257426,arrival-2016
589365,eileen-2023
679072,mothers-instinct-2024
1105895,number-24
51952,gladiator-2000
682535,a-quiet-place-day-one
952812,american-fiction
764890,the-iron-claw-2023
762812,rebel-moon-part-one-a-child-of-fire
51147,the-prestige
426406,parasite-2019
80198,under-the-skin-2013
48817,le-samourai
51701,inside-man
51157,point-break
130912,they-came-together
216301,the-nice-guys
915230,blackberry-2023
44974,sexy-beast
1110060,eephus
977342,zootopia-2
1009237,good-luck-have-fun-dont-die
1265658,kokuho
1037777,sirat-2025
606298,little-amelie-or-the-character-of-rain
48894,kiss-kiss-bang-bang-2005
49257,lady-vengeance
49184,sympathy-for-mr-vengeance
76364,game-change
1377980,wild-inside
51601,notting-hill
51593,casino
402266,jane-2017-1
335384,phantom-thread
45116,old-school
51524,titanic-1997
47078,wedding-crashers
49047,10-things-i-hate-about-you
1284165,cutting-through-rocks
1295206,the-alabama-solution
1247261,viva-verdi
1277545,mr-nobody-against-putin
1117926,jurassic-world-rebirth
1284154,come-see-me-in-the-good-light
1284157,the-perfect-neighbour
45807,saving-silverman
51383,goodfellas
932856,people-we-meet-on-vacation
1046522,if-i-had-legs-id-kick-you
36778,the-avengers-2012
34722,inception
34396,salt-2010
34395,the-expendables
34394,the-other-guys
27730,blade
27723,x-men
27722,x2
27713,x-men-the-last-stand
27712,die-another-day
27285,tarzan
27256,the-truman-show
26779,skyfall
26770,easy-a
26711,the-social-network
26205,transformers-dark-of-the-moon
26196,grown-ups
25859,tangled-2010
23857,men-in-black-3
23321,due-date
20908,true-grit-2010
19987,the-hangover-part-ii
19921,the-fighter-2010
16530,all-quiet-on-the-western-front-2022
16527,dredd
16525,the-hobbit-an-unexpected-journey
16091,man-of-steel
16074,x-men-first-class
15145,friends-with-benefits
14327,fast-five
14285,horrible-bosses
13972,limitless
10442,bridesmaids
6699,kick-ass-2
6599,looper
4586,brave-2012
2706,star-wars
2705,finding-nemo
2704,forrest-gump
2699,the-fifth-element
2695,pirates-of-the-caribbean-the-curse-of-the-black-pearl
2694,kill-bill-vol-1
2693,jarhead
603,the-muppets
285,the-great-gatsby-2013
279,21-jump-street
277,drive-2011
46986,the-fast-and-the-furious-tokyo-drift
46964,scooby-doo
46946,shes-the-man
46870,bad-boys-1995
46869,fantastic-four-2005
46838,air-force-one
46813,the-fast-and-the-furious-2001
46806,the-incredibles
46794,the-parent-trap-1998
46779,happy-feet
46763,forgetting-sarah-marshall
46753,the-princess-diaries
46715,how-to-lose-a-guy-in-10-days
46682,blades-of-glory
46622,beauty-and-the-beast-1991
46590,spy-kids
46572,hot-rod
46551,13-going-on-30-3
46512,stuart-little
46511,iron-man-2
46505,the-little-mermaid
46462,pineapple-express
46459,shrek-forever-after
46458,toy-story-3
46456,thor
46455,the-last-airbender
46422,a-walk-to-remember
46331,freaky-friday-2003
46229,hocus-pocus
46084,the-cat-in-the-hat-2003
46049,mean-girls
46040,friday
46037,remember-the-titans
46012,the-waterboy
46001,mulan
45959,elf
45918,quantum-of-solace
45855,matilda
45747,high-school-musical
45686,billy-madison
45667,the-notebook
45411,public-enemies-2009
45409,shutter-island
45220,the-sandlot
45204,lilo-stitch
45088,get-smart
45079,101-dalmatians
45065,the-emperors-new-groove
45021,lemony-snickets-a-series-of-unfortunate-events
44838,hercules-1997
44831,caddyshack
44768,step-brothers
44750,white-chicks
44042,gran-torino
43302,up
42994,paul-blart-mall-cop
41512,i-love-you-man
41352,inglourious-basterds
40860,district-9
40479,the-proposal-2009
40100,the-hangover
40075,clash-of-the-titans-2010
39352,zombieland
39304,avatar
38970,the-book-of-eli
37833,scott-pilgrim-vs-the-world
37648,the-blind-side
37598,the-cabin-in-the-woods
37565,hot-tub-time-machine
37354,kick-ass
37180,paranormal-activity
50223,the-bourne-ultimatum
50159,the-blair-witch-project
50152,signs
50146,evan-almighty
50101,american-pie-2
49983,hairspray-2007
49922,ace-ventura-pet-detective
49531,team-america-world-police
49503,blow
49443,scary-movie-2000
49434,scary-movie-3
49396,charlies-angels
49299,friday-the-13th
49280,enchanted
49210,hot-fuzz
49035,knocked-up
48920,rush-hour-3
48919,rush-hour-2
48883,the-polar-express
48797,robocop
48602,the-mist
48308,freddy-vs-jason
48298,alvin-and-the-chipmunks
48296,i-am-legend
48167,the-village
48160,the-40-year-old-virgin
48113,van-helsing
48106,cloverfield
48101,coach-carter
48051,juno
48049,carrie-1976
48044,there-will-be-blood
48030,tropic-thunder
47987,deja-vu
47914,punch-drunk-love
47900,21
47897,desperado
47867,napoleon-dynamite
47809,in-bruges
47778,cast-away
47776,superbad
47769,transformers-revenge-of-the-fallen
47705,dumb-and-dumber
47699,hitch-2005
47677,the-lion-king
47648,taken
47637,anchorman-the-legend-of-ron-burgundy
47586,legally-blonde
47577,jumanji
47553,how-the-grinch-stole-christmas-2000
47552,waynes-world
47516,wanted-2008
47508,garfield
47473,bad-boys-ii
47319,ace-ventura-when-nature-calls
47255,click
47252,the-mask-of-zorro
47242,nacho-libre
47219,ferris-buellers-day-off
47212,starsky-hutch
47198,zoolander
47126,dodgeball-a-true-underdog-story
47125,south-park-bigger-longer-uncut
47122,a-knights-tale
47118,daredevil
47111,a-bugs-life
47098,kung-fu-panda
47091,man-on-fire-2004
47068,final-destination
47026,flubber
46987,happy-gilmore
51343,shrek-2
51342,shrek-the-third
51340,aladdin
51336,austin-powers-international-man-of-mystery
51335,austin-powers-the-spy-who-shagged-me
51334,austin-powers-in-goldmember
51298,the-mask-1994
51297,black-hawk-down
51296,who-framed-roger-rabbit
51295,saving-private-ryan
51290,toy-story
51289,toy-story-2
51283,planet-of-the-apes-2001
51271,a-few-good-men
51233,cars
51207,madagascar
51203,spaceballs
51184,eraserhead
51138,the-talented-mr-ripley
51134,rocky-balboa
51130,ghost-rider
51097,american-psycho
51088,first-blood
51061,the-pursuit-of-happyness
51047,pans-labyrinth
51042,the-departed
51024,the-virgin-suicides
51020,superman-returns
51012,hellboy
51006,miss-congeniality
51004,kingdom-of-heaven
50963,live-free-or-die-hard
50962,die-hard-with-a-vengeance
50961,die-hard-2
50958,resident-evil
50957,resident-evil-apocalypse
50941,night-at-the-museum
50937,meet-the-parents
50916,liar-liar
50845,con-air
50827,the-incredible-hulk
50825,iron-man-2008
50818,the-mummy-returns
50809,captain-america-the-first-avenger
50776,phone-booth
50769,lord-of-war
50742,transformers
50735,pirates-of-the-caribbean-on-stranger-tides
50713,the-empire-strikes-back
50712,return-of-the-jedi
50711,star-wars-episode-i-the-phantom-menace
50710,star-wars-episode-ii-attack-of-the-clones
50709,star-wars-episode-iii-revenge-of-the-sith
50677,the-amazing-spider-man
50660,crank
50659,zodiac
50654,the-butterfly-effect
50631,fantastic-four-rise-of-the-silver-surfer
50617,lara-croft-tomb-raider
50589,the-patriot-2000
50580,training-day
50568,i-robot
50561,national-treasure
50544,x-men-origins-wolverine
50521,american-pie
50517,rush-hour
50509,la-confidential
50357,clerks
50349,space-jam
50225,the-bourne-identity-2002
50224,the-bourne-supremacy
51865,sin-city
51855,braveheart
51843,north-by-northwest
51838,the-terminator
51818,the-godfather
51816,the-godfather-part-ii
51814,the-godfather-part-iii
51804,willy-wonka-the-chocolate-factory
51802,king-kong-2005
51788,batman-1989
51778,the-shawshank-redemption
51776,terminator-2-judgment-day
51773,pirates-of-the-caribbean-at-worlds-end
51761,oceans-thirteen
51749,bruce-almighty
51733,jurassic-park
51732,the-lost-world-jurassic-park
51731,jurassic-park-iii
51709,batman-returns
51696,kill-bill-vol-2
51679,the-chronicles-of-narnia-the-lion-the-witch-and-the-wardrobe
51678,batman-forever
51677,batman-robin
51670,ice-age
51666,the-good-the-bad-and-the-ugly
51660,the-day-after-tomorrow
51648,a-beautiful-mind
51614,borat-cultural-learnings-of-america-for-make-benefit-glorious-nation-of-kazakhstan
51613,the-green-mile
51610,reservoir-dogs
51568,fight-club
51561,spider-man
51560,spider-man-2
51559,spider-man-3
51556,die-hard
51554,the-mummy-1999
51536,2-fast-2-furious
51535,monsters-inc
51519,independence-day
51518,the-matrix
51517,the-matrix-reloaded
51516,the-matrix-revolutions
51514,men-in-black
51513,men-in-black-ii
51508,the-passion-of-the-christ
51503,grease
51490,bridget-joness-diary
51484,catch-me-if-you-can-2002
51474,boyz-n-the-hood
51453,harry-potter-and-the-philosophers-stone
51452,harry-potter-and-the-chamber-of-secrets
51451,harry-potter-and-the-prisoner-of-azkaban
51450,harry-potter-and-the-goblet-of-fire
51449,harry-potter-and-the-order-of-the-phoenix
51444,pulp-fiction
51433,meet-the-fockers
51416,goldeneye
51408,top-gun
51407,the-sixth-sense
51405,shaun-of-the-dead
51398,face-off
51381,home-alone
51365,mr-mrs-smith-2005
51364,mrs-doubtfire
51360,platoon
51344,shrek
107670,justice-league
107418,star-wars-the-force-awakens
106267,were-the-millers
106262,the-conjuring
105183,edge-of-tomorrow
104174,jurassic-world
103559,pain-gain
101991,the-hunger-games-mockingjay-part-1
101990,the-hunger-games-mockingjay-part-2
99507,x-men-days-of-future-past
99402,finding-dory
98336,godzilla-2014
96552,the-hobbit-the-battle-of-the-five-armies
95113,the-grand-budapest-hotel
93676,guardians-of-the-galaxy
90896,pitch-perfect
88488,snowpiercer
87964,captain-phillips
87953,the-hangover-part-iii
87948,frozen-2013
87873,this-is-the-end
86991,the-worlds-end
86114,the-wolf-of-wall-street
83557,ant-man
83424,maleficent
83215,the-amazing-spider-man-2
82488,the-hunger-games-catching-fire
81909,captain-america-the-winter-soldier
81605,avengers-age-of-ultron
80349,zero-dark-thirty
76504,transformers-age-of-extinction
75322,this-is-40
73594,terminator-genisys
69453,fast-furious-6
69154,wreck-it-ralph
69064,warm-bodies
66563,enders-game
63462,end-of-watch
62822,thor-the-dark-world
62671,12-years-a-slave
62638,the-wolverine
62238,jack-reacher
62108,oblivion-2013
62065,now-you-see-me
60733,the-grey
60298,halloween-1978
59281,the-hunger-games
57376,ted
57292,world-war-z
52516,django-unchained
52513,iron-man-3
52510,elysium-2013
52508,pacific-rim
52501,argo
51989,pirates-of-the-caribbean-dead-mans-chest
51984,8-mile
51977,american-history-x
51960,beverly-hills-cop
51955,armageddon
51949,leon-the-professional
51947,taxi-driver
51944,predator
51943,snatch
51933,the-untouchables
51932,charlie-and-the-chocolate-factory
51921,spirited-away
51914,groundhog-day
51888,oceans-twelve
51875,saw
247385,dark-phoenix
246013,the-big-short
242710,spider-man-homecoming
242285,puss-in-boots-the-last-wish
240344,la-la-land
239260,creed
237177,the-witch-2015
235745,dope-2015
235388,war-dogs-2016
234208,southpaw-2015
228628,toy-story-4
227784,annihilation
226750,captain-marvel
226661,avengers-infinity-war
226660,avengers-endgame
225060,aquaman-2018
225027,wonder-woman-2017
225026,suicide-squad-2016
223396,bridge-of-spies
221232,maze-runner-the-scorch-trials
220754,the-age-of-adaline
220575,deadpool
220080,kong-skull-island
217178,terminator-dark-fate
213190,shazam
211511,the-martian
209383,black-panther
209382,thor-ragnarok
209381,doctor-strange-2016
209322,guardians-of-the-galaxy-vol-2
207224,the-revenant-2015
197012,the-hateful-eight
192410,zootopia
184526,black-mass-2015
184061,incredibles-2
183255,the-conjuring-2
182910,fantastic-beasts-and-where-to-find-them
180414,focus-2015
178123,the-lobster
174952,annabelle
172492,x-men-apocalypse
172076,john-wick
169907,nightcrawler
169728,the-babadook
161002,the-interview-2014
160497,fury-2014
159976,unbroken
157841,sausage-party
152464,ted-2
149857,gone-girl
148998,batman-v-superman-dawn-of-justice
148200,kingsman-the-secret-service
147597,spectre-2015
146954,the-imitation-game
145822,the-man-from-uncle
142549,the-maze-runner
140512,neighbors-2014
139795,birdman-or-the-unexpected-virtue-of-ignorance
137476,american-sniper
135751,a-million-ways-to-die-in-the-west
135120,22-jump-street
131987,star-wars-the-last-jedi
131984,star-wars-the-rise-of-skywalker
129662,big-hero-6
124379,american-hustle
124133,furious-7
123066,pirates-of-the-caribbean-dead-men-tell-no-tales
118110,the-purge
117583,divergent
116825,the-equalizer
385511,doctor-strange-in-the-multiverse-of-madness
382669,glass-2019
378473,bad-times-at-the-el-royale
378048,game-night
371005,minions-the-rise-of-gru
369835,the-suicide-squad
369179,black-adam
362977,spider-man-far-from-home
359859,roma-2018
358272,bumblebee
358222,bohemian-rhapsody
357682,halloween-2018
354538,aladdin-2019
354530,maleficent-mistress-of-evil
353117,get-out-2017
350384,the-big-sick
348914,the-batman
340202,bird-box
338883,ralph-breaks-the-internet
333825,godzilla-vs-kong
333445,logan-lucky
333308,the-shape-of-water
333203,the-irishman-2019
333029,call-me-by-your-name
330715,mollys-game
330220,wind-river-2017
327934,fences-2016
324575,the-hitmans-bodyguard
323609,i-tonya
320000,f9
318913,fast-furious-presents-hobbs-shaw
318195,deadpool-2
316315,split-2016
314883,space-jam-a-new-legacy
312205,moonlight-2016
310199,dunkirk-2017
309107,godzilla-king-of-the-monsters-2019
305964,no-time-to-die-2021
296341,ant-man-and-the-wasp
293465,top-gun-maverick
291610,three-billboards-outside-ebbing-missouri
291419,ford-v-ferrari
283778,jumanji-welcome-to-the-jungle
281529,jurassic-world-fallen-kingdom
278668,solo-a-star-wars-story
273974,kingsman-the-golden-circle
270106,nocturnal-animals
268950,baby-driver
268380,zombieland-double-tap
268366,fantastic-beasts-the-secrets-of-dumbledore
268365,fantastic-beasts-the-crimes-of-grindelwald
268192,hell-or-high-water
266628,the-fate-of-the-furious
266132,maze-runner-the-death-cure
265438,venom-2018
264335,ouija-origin-of-evil
264328,uncharted-2022
263222,lion
263221,manchester-by-the-sea
261891,10-cloverfield-lane
261866,ready-player-one
261108,a-star-is-born-2018
259441,little-women-2019
258128,rogue-one-a-star-wars-story
251943,spider-man-into-the-spider-verse
251937,the-lego-batman-movie
251872,hacksaw-ridge
251773,jason-bourne
251661,john-wick-chapter-2
647008,the-woman-king
641961,bullet-train
641574,lightyear-2022
641086,licorice-pizza
629376,hustle-2022
598882,the-banshees-of-inisherin
586723,glass-onion
580092,watchmen-2019
574385,the-unbearable-weight-of-massive-talent
572255,dont-look-up-2021
565852,the-northman
560787,spider-man-no-way-home
559025,spirited
558054,old-2021
551275,the-matrix-resurrections
544380,the-last-duel-2021
543002,thor-love-and-thunder
542567,spiderhead
542449,minari
542032,elvis-2022
541998,king-richard
532082,chernobyl
527841,the-power-of-the-dog
524592,nightmare-alley-2021
518788,fear-street-1978
518787,fear-street-1994
515467,palm-springs-2020
511342,judas-and-the-black-messiah
508638,venom-let-there-be-carnage
508037,rrr
507592,the-king-of-staten-island
506032,tenet
495969,ready-or-not-2019
494969,shang-chi-and-the-legend-of-the-ten-rings
488575,el-camino-a-breaking-bad-movie
488399,the-green-knight
484263,guillermo-del-toros-pinocchio
482701,the-haunting-2018
475901,the-old-guard-2020
474474,everything-everywhere-all-at-once
460155,1917
459564,midsommar
454016,eternals
453557,greenland
449442,bodies-bodies-bodies
444600,jojo-rabbit
441862,jumanji-the-next-level
441471,west-side-story-2021
438727,turning-red
437050,jurassic-world-dominion
435450,booksmart
434753,the-king-2019
427807,black-widow-2021
426131,birds-of-prey-and-the-fantabulous-emancipation-of-one-harley-quinn
424348,hereditary
422682,marriage-story-2019
420451,eighth-grade
418135,blackkklansman
415208,a-simple-favor
411439,creed-ii
410437,men-in-black-international
407855,the-kings-man
406775,joker-2019
405545,it-chapter-two
397859,once-upon-a-time-in-hollywood
395731,wonder-woman-1984
390520,us-2019
390039,john-wick-chapter-3-parabellum
48140,no-country-for-old-men
51928,the-lord-of-the-rings-the-return-of-the-king
187986,ex-machina-2015
186549,logan-2017
503402,mission-impossible-dead-reckoning
194402,captain-america-civil-war
92160,paddington
779548,biosphere-2022
51839,indiana-jones-and-the-kingdom-of-the-crystal-skull
505000,last-night-in-soho
51961,indiana-jones-and-the-last-crusade
51963,indiana-jones-and-the-temple-of-doom
51965,raiders-of-the-lost-ark
265433,indiana-jones-and-the-dial-of-destiny
668555,asteroid-city
159888,the-giver
868491,air-2023
225845,the-flash
379711,guardians-of-the-galaxy-vol-3
907157,suitable-flesh
51432,the-shining
645096,the-fight-machine
497631,spider-man-across-the-spider-verse
954476,the-disappearance-of-shere-hite
717541,the-outfit-2022
572120,plane-2023
558056,knock-at-the-cabin
868558,aftersun
427970,triangle-of-sadness
566237,ant-man-and-the-wasp-quantumania
721333,cocaine-bear
465649,m3gan
424003,dungeons-dragons-honor-among-thieves
793865,guy-ritchies-the-covenant
530882,john-wick-chapter-4
853378,the-last-kingdom-seven-kings-must-die
601624,creed-iii
1396561,river-2026-1
1274490,over-your-dead-body-2026
1170947,the-luckiest-man-in-america
1169284,dangerous-animals
1031876,skincare-2024
1031530,armand
839774,moon-knight-2022
836213,ash-2025
828615,obi-wan-kenobi
809443,harry-potter-20th-anniversary-return-to-hogwarts
809395,violent-night
806637,hawkeye-2021
787181,squid-game
781326,marcel-the-shell-with-shoes-on-2021
780170,the-beekeeper-2024
774923,midnight-mass-2021
734096,tar-2022
721288,the-fabelmans
709530,zack-snyders-justice-league
696310,women-talking
695473,coda-2021
686389,prey-2022
683285,ambulance-2022
682547,nope
679291,drive-my-car
676215,day-shift-2022
671815,loki-2021
671814,the-falcon-and-the-winter-soldier
671813,wandavision
668077,the-queens-gambit
206671,war-for-the-planet-of-the-apes
948882,arcadian
94394,dawn-of-the-planet-of-the-apes
488751,monkey-man
4948,rise-of-the-planet-of-the-apes
51973,memento
834656,civil-war-2024
438511,soul-2020
843415,late-night-with-the-devil
62780,mad-max-fury-road
710352,poor-things-2023
868485,the-taste-of-things
451296,good-boys-2019
47029,dazed-and-confused
398800,the-zone-of-interest
453069,maestro-2023
469971,hustlers-2019
822093,anatomy-of-a-fall
51385,harry-potter-and-the-half-blood-prince
51930,the-lord-of-the-rings-the-fellowship-of-the-ring
51929,the-lord-of-the-rings-the-two-towers
50995,collateral
44580,harry-potter-and-the-deathly-hallows-part-2
44581,harry-potter-and-the-deathly-hallows-part-1
706083,wonka
15051,crazy-stupid-love
754441,may-december
51339,airplane
976899,the-angry-black-girl-and-her-monster
845706,godzilla-minus-one
878854,elemental-2023
47067,red-dragon
46867,hannibal
45631,blazing-saddles
277023,paddington-2
266427,american-made
717654,the-killer-2023
47234,the-last-of-the-mohicans-1992
795897,no-hard-feelings-2023
49846,gangs-of-new-york-2002
49455,scream
819648,barbarian-2022
868583,lakota-nation-vs-united-states
51345,se7en
825457,rmn
731222,bottoms
69151,silver-linings-playbook
51621,good-will-hunting
810003,golda-2023
20956,black-swan
51987,2001-a-space-odyssey
929438,sympathy-for-the-devil-2023
959829,memoir-of-a-snail
1071196,the-wild-robot
772230,i-saw-the-tv-glow
1041245,watchmen-chapter-i
51881,28-days-later
51471,nosferatu
800858,joker-folie-a-deux
51494,the-wizard-of-oz-1939
433863,the-lighthouse-2019
51988,a-history-of-violence
47469,twilight-2008
51994,heat-1995
51970,before-sunset
520328,megalopolis-2024
543717,haunted-mansion-2023
330912,train-to-busan
49530,beetlejuice
431109,doctor-sleep
927832,strange-darling
717126,the-ministry-of-ungentlemanly-warfare
595029,the-creator-2023
908144,talk-to-me-2022
99144,alien-covenant
58486,prometheus
26681,knight-and-day
850459,alien-romulus
51445,aliens
51714,alien
44070,watchmen
462870,deadpool-wolverine
570193,house-of-gucci
102444,before-midnight
452289,the-gentlemen
285509,coco-2017
450337,a-quiet-place-part-ii
390264,mamma-mia-here-we-go-again
45120,mamma-mia
379687,a-quiet-place-2018
908327,the-bikeriders
877046,hit-man-2023
113284,inside-out-2015
705221,furiosa-a-mad-max-saga
1098322,in-a-violent-nature
724289,watcher
578774,kingdom-of-the-planet-of-the-apes
716178,the-running-man-2025
49007,boogie-nights
276819,it-2017
976429,i-know-what-you-did-last-summer-2025
781223,cuckoo-2024
51850,mean-streets
975393,the-order-2024
756042,blink-twice
531316,the-long-walk-2025
16550,the-dark-knight-rises
51896,the-dark-knight
51784,batman-begins
51867,a-clockwork-orange
51323,chinatown
51195,dog-day-afternoon
51366,almost-famous
51397,from-dusk-till-dawn
117574,fruitvale-station
1081017,novocaine-2025
1025047,the-phoenician-scheme
49311,legends-of-the-fall
45017,the-deer-hunter
50972,28-weeks-later
536970,the-marvels
470671,ballerina-2025
51155,the-thing
738292,captain-america-brave-new-world
51529,the-conversation
51578,psycho
283273,mission-impossible-fallout
129816,mission-impossible-rogue-nation
9788,mission-impossible-ghost-protocol
51204,mission-impossible-iii
51205,mission-impossible-ii
51206,mission-impossible
887653,thunderbolts
46911,children-of-men
6286,moneyball
677571,the-black-phone
819320,venom-the-last-dance
854687,the-gorge-2025
51717,eyes-wide-shut
754115,the-lord-of-the-rings-the-war-of-the-rohirrim
837053,horizon-an-american-saga-chapter-1
4553,monsters-university
4551,dark-shadows
2683,eternal-sunshine-of-the-spotless-mind
1739,the-woman-in-black-2012
1086,the-girl-with-the-dragon-tattoo-2011
26476,megamind
26421,beastly
26376,eat-pray-love
25442,when-in-rome
25416,real-steel
23596,paranormal-activity-2
23593,saw-3d
23586,scream-4
23414,no-strings-attached
22663,young-black-stallion
22216,cinderella-1997
21872,tower-of-terror
21202,soul-surfer
21050,127-hours
20967,ju-on-the-curse-2
20307,rango
20293,green-lantern
19291,the-luck-of-the-irish
19122,rio-2011
18527,tucker-and-dale-vs-evil
17483,the-adventures-of-milo-and-otis
16560,cars-2
16556,insidious
16529,gravity-2013
16164,kung-fu-panda-2
16093,the-croods
16088,ripd
16082,in-time
15777,cowboys-aliens
15620,the-help
15143,just-go-with-it
15077,the-twilight-saga-breaking-dawn-part-1
15076,the-twilight-saga-breaking-dawn-part-2
13816,seventeen-again
12011,passport-to-paris
11908,star-trek-into-darkness
9883,billboard-dad
8983,the-hobbit-the-desolation-of-smaug
8933,project-x-2012
8395,ice-age-continental-drift
7843,pride-and-prejudice-and-zombies
7712,sherlock-holmes-a-game-of-shadows
7699,snow-white-and-the-huntsman
6945,midnight-in-paris
6531,shutter-2008
6166,ghostbusters
5717,the-thing-2011
5649,silent-hill-revelation-3d
5355,super-8
5016,wendy-wu-homecoming-warrior
38818,air-bud
38813,air-bud-world-pup
38804,the-road
38641,balto
38544,orphan
38375,twitches
38354,air-bud-seventh-inning-fetch
38266,air-bud-golden-receiver
37696,cloudy-with-a-chance-of-meatballs
37687,saw-vi
37671,the-fourth-kind
37640,its-complicated
37609,up-in-the-air
37597,dear-john
37502,remember-me
37276,sucker-punch
37089,johnny-tsunami
37088,the-twilight-saga-eclipse
37022,the-little-vampire
36785,the-time-travelers-wife
36743,beethovens-3rd
36741,beethovens-4th
36509,air-bud-spikes-back
36501,julie-julia
36404,prancer
35513,get-a-clue
35451,now-you-see-it
35408,taking-woodstock
35119,ju-on-white-ghost
34146,halloweentown
33853,hachi-a-dogs-tale
32347,mother-2009
31985,the-texas-chain-saw-massacre
30565,my-date-with-the-presidents-daughter
30526,ju-on-the-curse
30497,the-cheetah-girls
30463,gay-purr-ee
30171,valentines-day
29609,it-takes-two
29271,halloweentown-ii-kalabars-revenge
29091,halloweentown-high
28977,our-lips-are-sealed
28949,zenon-girl-of-the-21st-century
28919,death-at-a-funeral-2010
28675,smart-house
28481,the-last-song
28055,switching-goals
27486,ju-on-black-ghost
27438,life-size
27252,the-human-centipede-first-sequence
26886,the-cheetah-girls-2
26796,splice
26722,sex-and-the-city-2
43286,beauty-shop
43280,aquamarine
43272,the-adventures-of-sharkboy-and-lavagirl
43226,the-uninvited-2009
43184,marley-me
43177,the-wild-thornberrys-movie
43176,great-expectations
43164,almost-heroes
43099,drive-me-crazy
43088,ella-enchanted
43086,the-rugrats-movie
43026,black-beauty-1994
43018,gia
42983,the-boy-in-the-striped-pyjamas
42800,fiddler-on-the-roof
42794,good-burger
42779,coraline
42772,chasing-liberty
42707,sid-and-nancy
42706,uptown-girls
42656,clockstoppers
42628,futurama-into-the-wild-green-yonder
42580,the-sound-of-music
42565,sixteen-candles
42533,hotel-for-dogs
42531,clue
42468,newsies
42425,role-models
42353,the-girl-with-the-dragon-tattoo
42336,snow-day
42216,the-perfect-man-2005
42212,an-extremely-goofy-movie
42101,a-goofy-movie
41874,selena
41638,rugrats-in-paris-the-movie
41519,where-the-wild-things-are
41477,adventureland
41360,kikis-delivery-service
41276,17-again
41238,agent-cody-banks-2-destination-london
41205,shutter
41192,crossroads-2002
41097,the-black-stallion
41012,moon
40891,year-one
40872,national-velvet
40815,dudley-do-right
40724,because-of-winn-dixie
40699,my-dog-skip
40680,fired-up
40567,hannah-montana-the-movie
40480,the-twilight-saga-new-moon
40463,lady-and-the-tramp-ii-scamps-adventure
40413,the-country-bears
40411,night-at-the-museum-battle-of-the-smithsonian
40130,the-lizzie-mcguire-movie
40022,jawbreaker
39676,josie-and-the-pussycats
39382,i-love-you-beth-cooper
39350,500-days-of-summer
39344,the-brave-little-toaster
39305,jennifers-body
39067,despicable-me
38997,digimon-the-movie
44918,snow-dogs
44915,kung-pow-enter-the-fist
44889,saw-v
44875,bride-of-chucky
44840,into-the-blue
44808,alice-in-wonderland-1951
44806,jackass-number-two
44804,the-pink-panther
44758,the-land-before-time
44748,alice-in-wonderland-2010
44740,the-wrestler
44727,the-love-guru
44723,nick-and-norahs-infinite-playlist
44721,the-other-boleyn-girl
44683,white-fang-1991
44681,one-hundred-and-one-dalmatians
44678,oliver-company
44669,mulan-ii
44667,9
44637,spy-kids-3-d-game-over
44613,slumdog-millionaire
44587,underworld-rise-of-the-lycans
44558,grave-of-the-fireflies
44441,pokemon-the-movie-2000
44431,osmosis-jones
44421,the-house-bunny
44298,the-duchess
44242,futurama-the-beast-with-a-billion-backs
44189,bolt
44096,scooby-doo-on-zombie-island
44092,secondhand-lions
44050,bambi-ii
44027,futurama-benders-game
43970,bad-news-bears
43943,ice-princess
43941,eight-crazy-nights
43940,how-the-grinch-stole-christmas
43938,olive-the-other-reindeer
43936,rudolph-the-red-nosed-reindeer
43919,santa-claus-is-comin-to-town
43903,kronks-new-groove
43868,october-sky
43860,star-trek
43713,high-school-musical-2
43708,101-dalmatians-ii-patchs-london-adventure
43700,annabelles-wish
43691,christmas-with-the-kranks
43685,the-game-plan
43667,home-on-the-range
43620,pocahontas-ii-journey-to-a-new-world
43614,the-santa-clause-3-the-escape-clause
43613,tuck-everlasting
43601,best-in-show
43576,quarantine
43565,superstar
43517,sweeney-todd-the-demon-barber-of-fleet-street-2007
43479,for-the-birds
43443,first-daughter
43412,cadet-kelly
43402,raise-your-voice
43389,nancy-drew
43301,2012
45716,the-new-guy
45709,cats-dogs
45706,stuart-little-2
45699,the-wedding-singer
45695,cheaper-by-the-dozen-2003
45691,rihie-rih
45678,new-york-minute
45669,the-great-gatsby
45615,the-animal
45609,hide-and-seek
45576,the-princess-diaries-2-royal-engagement
45574,confessions-of-a-teenage-drama-queen
45555,the-ruins
45538,we-are-marshall
45532,the-muppet-movie
45523,childs-play-2
45522,childs-play-3
45510,wild-hogs
45498,bring-it-on-all-or-nothing
45493,cinema-paradiso
45485,cinderella
45464,a-cinderella-story
45462,seed-of-chucky
45459,hellboy-ii-the-golden-army
45449,harold-kumar-go-to-white-castle
45448,nanny-mcphee
45444,a-league-of-their-own
45416,my-girl-2
45414,the-rescuers
45379,never-been-kissed
45374,dumbo
45357,house-on-haunted-hill-1999
45353,tommy-boy
45339,the-santa-clause
45337,not-another-teen-movie
45312,memories-of-murder
45305,the-lion-king-3-hakuna-matata
45304,fever-pitch-2005
45291,herbie-fully-loaded
45283,sky-high-2005
45282,red-eye
45250,all-dogs-go-to-heaven
45226,pretty-in-pink
45219,sweet-home-alabama
45201,cabin-fever
45197,small-soldiers
45133,the-haunting-1999
45132,flushed-away
45114,are-we-there-yet
45113,guess-who
45078,halloween-h20-20-years-later
45075,vertical-limit
45070,land-of-the-dead
44995,white-noise
44994,beethoven
44977,wimbledon
44965,the-spongebob-squarepants-movie
44963,ju-on-the-grudge
44950,the-hot-chick
44933,big-fat-liar
44920,robin-hood
46463,the-sisterhood-of-the-traveling-pants-2
46460,how-to-train-your-dragon
46453,the-princess-and-the-frog
46450,yes-man
46441,a-midsummer-nights-dream-1999
46423,pokemon-the-first-movie
46345,shes-all-that
46339,the-ring-two
46334,legally-blonde-2-red-white-blonde
46330,night-of-the-living-dead
46321,lady-and-the-tramp
46317,k-9
46285,an-american-tail-fievel-goes-west
46280,the-iron-giant
46239,hackers
46231,the-muppet-christmas-carol
46230,beethovens-2nd
46226,so-i-married-an-axe-murderer
46188,102-dalmatians
46168,the-road-to-el-dorado
46151,bride-wars
46145,madagascar-escape-2-africa
46144,sherlock-holmes-2009
46142,pocahontas
46133,james-and-the-giant-peach
46127,the-hunchback-of-notre-dame-1996
46117,shark-tale
46108,where-the-heart-is-2000
46105,dinosaur
46081,the-girl-next-door-2004
46071,george-of-the-jungle
46046,kangaroo-jack
46032,loser
46013,you-dont-mess-with-the-zohan
46011,rec-2
46010,the-strangers
45994,walle
45985,crazy-beautiful
45983,peter-pan
45970,daddy-day-care
45943,what-a-girl-wants
45926,the-haunted-mansion
45922,sydney-white
45920,without-a-paddle
45820,atlantis-the-lost-empire
45803,sleeping-beauty
45797,pinocchio
45795,the-little-rascals
45794,the-little-mermaid-ii-return-to-the-sea
45770,agent-cody-banks
45759,under-the-tuscan-sun
45744,i-am-sam
45738,joe-dirt
46940,the-triplets-of-belleville
46937,glory
46936,ju-on-the-grudge-2
46934,ring-2-1999
46928,the-black-dahlia
46926,little-nicky
46921,bubble-boy
46907,lady-in-the-water
46896,the-wicker-man-2006
46887,talladega-nights-the-ballad-of-ricky-bobby
46884,bewitched-2005
46875,the-lion-king-ii-simbas-pride
46848,step-up
46832,serendipity
46831,the-sisterhood-of-the-traveling-pants
46823,accepted
46820,the-hills-have-eyes-2006
46818,employee-of-the-month-2006
46816,turistas
46808,waterworld
46795,marvins-room
46789,lake-placid
46782,the-phantom-of-the-opera-2004
46744,shallow-hal
46743,the-stepford-wives-2004
46741,sleepover
46738,rat-race
46735,the-producers-2005
46732,wrong-turn
46721,the-skeleton-key
46706,robots
46689,the-fox-and-the-hound-2
46680,the-benchwarmers
46659,kicking-screaming
46658,chicken-little-2005
46655,charlottes-web-2006
46647,the-great-mouse-detective
46633,brother-bear
46629,peggy-sue-got-married
46620,the-pacifier
46618,my-sisters-keeper-2009
46614,honey
46612,good-luck-chuck
46609,just-friends
46591,when-a-stranger-calls-2006
46581,the-amityville-horror-2005
46580,house-of-wax-2005
46537,the-aristocats
46534,stick-it
46510,milk-2008
46502,bad-santa
46499,the-last-unicorn
46497,dumb-and-dumberer-when-harry-met-lloyd
46490,the-rundown
46467,hes-just-not-that-into-you
47511,antz
47506,jeepers-creepers
47435,just-like-heaven
47433,dark-water-2005
47430,jackass-the-movie
47422,the-santa-clause-2
47420,spirit-stallion-of-the-cimarron
47411,big-daddy
47407,eight-below
47400,the-family-stone
47329,now-and-then
47326,blue-crush
47325,and-now-for-something-completely-different
47307,road-trip
47301,the-longest-yard-2005
47299,john-tucker-must-die
47295,monster-house
47294,ali-g-indahouse
47280,the-man-in-the-iron-mask-1998
47278,flightplan
47270,ghost-in-the-shell
47269,the-jungle-book
47267,the-nutty-professor-1996
47260,the-scorpion-king
47254,the-goonies
47253,the-core
47241,honey-i-shrunk-the-kids
47235,anaconda
47223,super-size-me
47218,thir13en-ghosts
47169,the-royal-tenenbaums
47168,a-night-at-the-roxbury
47153,anastasia-1997
47150,babe-pig-in-the-city
47143,ever-after-1998
47127,charlies-angels-full-throttle
47119,the-nightmare-before-christmas
47110,spy-kids-2-the-island-of-lost-dreams
47109,youve-got-mail
47094,anger-management
47048,the-exorcist
47014,little-women-1994
47003,babe
47001,big-mommas-house
46998,clueless
46992,of-mice-and-men-1992
46990,romy-and-micheles-high-school-reunion
46989,coneheads
46982,dantes-peak
46979,beverly-hills-ninja
46960,cheaper-by-the-dozen-2
46956,ghost-ship
48274,the-dukes-of-hazzard
48259,idle-hands
48255,27-dresses
48253,walk-hard-the-dewey-cox-story
48234,lars-and-the-real-girl
48220,national-treasure-book-of-secrets
48189,zathura-a-space-adventure
48186,failure-to-launch
48185,homeward-bound-the-incredible-journey
48173,one-missed-call-2008
48163,turner-hooch
48153,somethings-gotta-give
48087,futurama-benders-big-score
48069,duplex
48055,maid-in-manhattan
48033,chicken-run
48023,the-hitchhikers-guide-to-the-galaxy-2005
47994,over-the-hedge
47986,fun-with-dick-and-jane-1996
47985,waiting
47979,resident-evil-extinction
47974,10000-bc
47942,the-lovely-bones
47933,robin-hood-men-in-tights
47878,this-boys-life
47842,jumper
47835,disturbia
47833,american-wedding
47815,four-brothers
47806,holes
47803,rec
47790,my-big-fat-greek-wedding
47781,ice-age-dawn-of-the-dinosaurs
47758,definitely-maybe
47756,my-neighbor-totoro
47747,event-horizon
47679,shanghai-noon
47668,the-happening
47651,fools-gold-2008
47582,casper
47562,dude-wheres-my-car
47555,eight-legged-freaks
47551,waynes-world-2
47542,gomorrah
47514,pet-sematary
47513,deep-blue-sea
50111,addams-family-values
50017,the-addams-family
49981,ghostbusters-ii
49944,1408
49931,young-frankenstein
49921,doctor-dolittle-1998
49816,bambi
49810,battle-royale
49784,good-night-and-good-luck
49671,girl-interrupted
49655,changeling
49641,the-number-23
49638,i-know-what-you-did-last-summer
49636,i-still-know-what-you-did-last-summer
49568,corpse-bride
49524,my-girl
49454,scream-2
49453,scream-3
49442,scary-movie-2
49433,scary-movie-4
49391,atonement
49390,pride-prejudice
49372,monster-in-law
49333,the-brothers-grimm
49318,seabiscuit
49287,30-days-of-night
49268,the-darjeeling-limited
49263,monty-pythons-the-meaning-of-life
49259,panic-room
49243,sex-and-the-city
49225,raising-helen
49208,read-it-and-weep
49185,across-the-universe
49075,the-curious-case-of-benjamin-button
49062,howls-moving-castle
49045,be-kind-rewind
49030,gothika
48942,sky-captain-and-the-world-of-tomorrow
48791,bee-movie
48638,national-lampoons-christmas-vacation
48612,i-know-who-killed-me
48571,into-the-wild
48533,along-came-polly
48514,romeo-and-juliet-1968
48494,ps-i-love-you
48485,shanghai-knights
48454,bram-stokers-dracula
48452,spice-world
48322,practical-magic
48320,racing-stripes
48303,the-jerk
50902,crash-2004
50886,the-legend-of-zorro
50875,march-of-the-penguins
50854,hostel
50853,hostel-part-ii
50850,the-devils-rejects
50826,west-side-story
50817,the-mummy-tomb-of-the-dragon-emperor
50774,you-me-and-dupree
50773,50-first-dates
50718,the-karate-kid
50717,marie-antoinette-2006
50698,the-beach
50678,hulk
50675,the-others
50642,alexander
50638,the-grudge
50635,the-grudge-2
50616,lara-croft-tomb-raider-the-cradle-of-life
50595,the-wedding-planner
50591,mr-deeds
50590,hidalgo
50572,the-lake-house
50558,ratatouille
50557,while-you-were-sleeping
50543,halloween
50518,the-breakfast-club
50505,me-myself-irene
50499,the-perfect-storm
50465,wet-hot-american-summer
50458,tenacious-d-in-the-pick-of-destiny
50442,death-at-a-funeral
50374,the-golden-compass
50368,big
50342,inkheart
50341,beowulf-2007
50229,eragon
50211,spanglish
50207,the-aviator
50193,planes-trains-and-automobiles
50187,uncle-buck
50165,what-lies-beneath
50164,pleasantville
50162,house-of-1000-corpses
50158,sleepy-hollow
50156,it-1990
51382,gone-with-the-wind
51379,little-miss-sunshine
51370,gattaca
51358,the-omen
51318,underworld-evolution
51302,a-christmas-story-1983
51294,sleepless-in-seattle
51281,planet-of-the-apes
51273,hook
51264,the-flintstones
51245,doctor-zhivago
51227,galaxy-quest
51226,gremlins
51224,godzilla-1998
51158,whale-rider
51125,the-host
51120,stranger-than-fiction-2006
51117,bridge-to-terabithia
51115,meet-the-robinsons
51111,300
51090,rocky
51008,the-illusionist
50991,office-space
50987,the-lost-boys
50986,ghost-world
50960,chicago
50955,apocalypto
50953,the-holiday
50950,school-of-rock
50948,secret-window
50947,whats-eating-gilbert-grape
50946,bring-it-on
50907,free-willy
50906,the-island-2005
50905,bedazzled-2000
50904,speed
51662,mary-poppins
51656,la-dolce-vita
51647,romeo-juliet-1996
51646,bend-it-like-beckham
51609,grizzly-man
51606,monster
51602,love-actually
51600,one-flew-over-the-cuckoos-nest
51586,the-wrong-trousers
51584,wallace-gromit-the-curse-of-the-were-rabbit
51573,theres-something-about-mary
51571,the-horse-whisperer
51557,constantine
51555,starship-troopers
51553,the-ring-2002
51549,the-birds
51539,dances-with-wolves
51537,life-of-brian
51533,big-fish
51532,silent-hill
51530,the-da-vinci-code
51527,the-terminal
51526,to-kill-a-mockingbird
51520,et-the-extra-terrestrial
51512,poltergeist
51496,interview-with-the-vampire
51470,on-the-waterfront
51461,saw-iv
51460,twister
51396,fantasia
51390,monty-python-and-the-holy-grail
51388,the-evil-dead
51387,evil-dead-ii
51386,army-of-darkness
51975,mars-attacks
51967,open-water
51962,dirty-dancing
51910,donnie-darko
51909,brokeback-mountain
51905,crouching-tiger-hidden-dragon
51898,lost-in-translation
51889,edward-scissorhands
51887,breakfast-at-tiffanys
51863,sin-city-a-dame-to-kill-for
51856,back-to-the-future-part-iii
51848,hotel-rwanda
51842,saw-iii
51841,saw-ii
51829,the-outsiders
51821,stand-by-me
51811,about-a-boy
51805,ghost
51779,underworld-2003
51763,terminator-3-rise-of-the-machines
51759,the-science-of-sleep
51745,catwoman
51736,snakes-on-a-plane
51730,inspector-gadget
51708,a-nightmare-on-elm-street
51705,rain-man
51692,capote
51689,garden-state
51682,snow-white-and-the-seven-dwarfs
51672,the-pianist
51671,schindlers-list
97637,a-glimpse-inside-the-mind-of-charles-swan-iii
97429,pixel-perfect
97062,the-mortal-instruments-city-of-bones
96557,about-time
96109,spring-breakers
95993,assassins-creed
95990,ginger-rosa
92621,the-internship
91838,stuck-in-the-suburbs
87962,evil-dead
87949,anchorman-2-the-legend-continues
87085,double-teamed
82657,quints
81811,dumb-and-dumber-to
79893,the-bling-ring
76658,insidious-chapter-2
74348,life-of-pi
71338,the-perks-of-being-a-wallflower
70355,the-thirteenth-year
69149,les-miserables-2012
69142,how-to-train-your-dragon-2
63058,avatar-the-way-of-water
62912,hotel-transylvania
61852,we-bought-a-zoo
61707,the-artist
60297,ice-age-the-meltdown
57622,we-need-to-talk-about-kevin
57596,motocrossed
57152,abraham-lincoln-vampire-hunter
56922,the-vow
56522,lincoln
55770,date-night
52500,warcraft
51980,walk-the-line
51979,million-dollar-baby
181310,sadako-3d-2
180398,trespass-against-us
180087,as-above-so-below-2014
178282,pitch-perfect-2
176368,while-were-young
173665,barely-lethal
172537,what-we-do-in-the-shadows
172361,tusk-2014
171366,the-captive-2014
171224,life-after-beth-2014
171006,laggies
169106,a-most-violent-year
166717,mojave-2015
161004,wild
159889,horrible-bosses-2
158174,into-the-woods-2014
157807,slow-west
157543,the-fault-in-our-stars
153285,fifty-shades-of-grey
149802,locke
146780,sharknado
144110,crimson-peak
143875,love-rosie
132365,dark-places-2015
125976,frank-2014
123067,how-to-train-your-dragon-the-hidden-world
119222,life-is-ruff
117868,the-rover
117687,oculus
117581,the-spectacular-now
114605,dallas-buyers-club
107246,sadako-3d
107197,kung-fu-panda-3
105188,the-lego-movie
263219,into-the-forest
263217,the-blackcoats-daughter
263204,free-fire
259395,amy-2015
258127,frozen-2
252216,neighbors-2-sorority-rising
251042,krisha-2015
248708,beauty-and-the-beast-2017
248318,the-boy-2016
241052,green-room
236119,mississippi-grind
234068,the-invitation-2015
229584,remember-2015
228946,equals
228594,blonde-2022
225503,jigsaw-2017
223393,me-before-you
222298,bone-tomahawk
221837,son-of-a-gun
220556,the-wailing
217616,the-sea-of-trees
211964,revenge-of-the-green-dragons
211837,paper-towns
205014,insidious-chapter-3
203083,the-jungle-book-2016
201909,moana-2016
201037,cut-bank
198992,passengers-2016
198626,the-adderall-diaries
193554,it-follows
185973,allegiant
185970,insurgent
182836,ju-on-the-beginning-of-the-end
342220,lean-on-pete
333448,isle-of-dogs-2018
333341,piper
333310,the-killing-of-a-sacred-deer
331539,the-autopsy-of-jane-doe
331187,woodshock-2017
330810,under-the-silver-lake
330790,annabelle-creation
330717,woman-walks-ahead
328538,the-florida-project
326477,murder-on-the-orient-express-2017
322110,okja
319409,the-cloverfield-paradox
317571,sadako-vs-kayako
312203,high-life-2018
310705,the-favourite
307298,the-disaster-artist
307239,hunt-for-the-wilderpeople
291112,hell-house-llc
285853,de-palma
283725,the-dark-tower
283264,the-vanishing-of-sidney-hall
283039,morris-from-america
278250,ju-on-the-final-curse
278198,hot-summer-nights
277752,slice-2018
277413,swiss-army-man
272503,20th-century-women
271436,how-to-talk-to-girls-at-parties
270476,popstar-never-stop-never-stopping
269896,american-honey
269597,the-monster-2016
269474,the-exception
269458,valerian-and-the-city-of-a-thousand-planets
268383,tomb-raider
266676,cruella
264336,sing-2016
438430,gonjiam-haunted-asylum
438272,onward-2020
436873,climax-2018
435460,black-panther-wakanda-forever
433652,army-of-the-dead-2021
432004,sound-of-metal
431877,a-beautiful-day-in-the-neighborhood
423479,low-tide-2019
422181,gloria-bell
422035,burning-2018
420473,never-goin-back
419873,the-kill-team-2019
415209,the-hole-in-the-ground-2019
407931,backstabbing-for-beginners
399523,the-children-act
397942,to-all-the-boys-ive-loved-before
390610,first-reformed
387909,tag-2018
384641,1922-2017
383334,the-last-movie-star
380998,a-prayer-before-dawn
379626,pokemon-detective-pikachu
379591,the-little-mermaid-2023
377530,my-friend-dahmer
375612,reservoir-dogs-1991
371842,the-nun-2018
371531,overlord-2018
371125,the-ballad-of-lefty-brown
370451,mid90s
366722,the-ritual-2017
366346,1-2017-3
361915,menashe
361725,a-ghost-story-2017
359565,the-lovers-2017
358271,sorry-to-bother-you
354541,chip-n-dale-rescue-rangers
354539,the-lion-king-2019
351914,it-comes-at-night
351745,puss-in-boots
351304,scary-stories-to-tell-in-the-dark-2019
346950,supersonic
572119,scream-2022
544936,the-harder-they-fall-2021
542773,babylon-2022
541425,mank
530071,spiral-from-the-book-of-saw
529529,the-little-things-2021
527671,the-father-2020
523109,causeway
519091,false-positive
510047,promising-young-woman
509662,nomadland
508990,news-of-the-world
503890,saint-maud
499085,the-invisible-man-2020
498044,black-mirror-bandersnatch
496592,encanto
493722,the-death-of-dick-long
493697,the-farewell-2019
493441,candyman-2021
488592,the-sea-beast-2022
485519,the-trial-of-the-chicago-7
485212,emma-2020
479814,free-guy
476490,the-night-house
474471,extraction-2020
471392,skin-2019-3
470549,the-elephant-queen
467061,the-ballad-of-buster-scruggs
464735,the-dead-dont-die-2019
457180,raya-and-the-last-dragon
452596,in-the-tall-grass-2019
451512,the-last-black-man-in-san-francisco
444799,yesterday-2019
444617,free-solo
444424,the-hunt-2020
443229,always-be-my-maybe-2019
441860,native-son-2019
439878,share-2019
873799,my-year-of-dicks
868565,ice-merchants
868135,stranger-at-the-gate
856036,saw-x
853822,pearl-2022
850375,a-haunting-in-venice
848522,an-ostrich-told-me-the-world-is-fake-and-i-think-i-believe-it
832419,haulout
832240,navalny
822333,the-quiet-girl
820501,the-martha-mitchell-effect
820098,all-that-breathes
820065,a-house-made-of-splinters
819863,fire-of-love-2022
807297,elizabeth-a-portrait-in-parts
805106,werewolf-by-night
800760,an-irish-goodbye
793883,smile-2022
761036,how-do-you-measure-a-year
753296,the-inspection
739399,to-leslie
738427,tell-it-like-a-woman
736821,no-one-will-save-you
731286,empire-of-light
730803,crash-landing-on-you
707114,lamb-2021
703943,eo
703478,the-whale-2022
699298,men-2022
696630,belfast
693890,the-guardians-of-the-galaxy-holiday-special
680635,living-2022
680358,x-2022
675372,mrs-harris-goes-to-paris
638640,night-ride-2020
637929,argentina-1985
636761,evil-dead-rise
629320,decision-to-leave
609761,bardo-false-chronicle-of-a-handful-of-truths
598274,mean-girls-2024
591069,the-witcher-nightmare-of-the-wolf
801074,you-hurt-my-feelings-2023
511000,funny-pages
468564,zola
462573,waves-2019
68956,sinister
774532,stephen-curry-underrated
503632,on-the-rocks-2020
879229,perfect-days-2023
914639,to-kill-a-tiger
813840,society-of-the-snow
964035,four-daughters-2023
899037,the-teachers-lounge-2023
808726,rustin-2023
487538,the-color-purple-2023
683620,red-rocket-2021
579216,boys-state
1109037,open-wide-2024
666269,white-noise-2022
715856,beau-is-afraid
892991,el-conde
954483,20-days-in-mariupol
744429,gods-creatures
513206,after-yang
1113198,my-mercury
51229,dawn-of-the-dead-2004
866259,jerry-lee-lewis-trouble-in-mind
516192,the-humans
558806,cmon-cmon
997481,im-hip
487135,first-cow
1007592,wild-summon
1098156,war-is-over-inspired-by-the-music-of-john-yoko
937951,ninety-five-senses
855073,pachyderm
855064,letter-to-a-pig
1027821,our-uniform
977828,invincible-2022
1072347,the-abcs-of-book-banning
1080205,red-white-and-blue-2023
1058626,the-last-repair-shop
978599,nai-nai-wai-po
1072381,the-barber-of-little-rock
1087783,island-in-between
865112,nimona-2023
874493,knight-of-fortune
829364,the-wonderful-story-of-henry-sugar
1056488,the-after-2023-1
954498,the-deepest-breath
406106,in-fabric
749612,val
1059457,the-rat-catcher-2023
939839,ivalu
938865,the-elephant-whisperers
930946,the-red-suitcase-2022
905001,all-the-beauty-and-the-bloodshed
896378,the-boy-the-mole-the-fox-and-the-horse
882786,earth-mama
877249,le-pupille
45108,ran
51728,magnolia
494166,the-vast-of-night
45944,escape-from-alcatraz
112570,a-time-for-burning
109791,black-panthers
45288,manhunter
51695,avp-alien-vs-predator
47887,alien-resurrection
41838,carnival-of-souls
47888,alien-3
51372,the-passion-of-joan-of-arc
42884,ugetsu
37004,stop-making-sense
31595,kwaidan
717669,all-dirt-roads-taste-of-salt
31194,eyes-without-a-face
51570,rashomon
51630,pi
696032,the-sadness-2021
845043,dicks-the-musical
840861,medusa-deluxe
1139529,steve-2024
43582,fast-furious
38625,ocean-waves
530397,stars-at-noon
223418,last-shift
502183,occupied-city
170062,when-marnie-was-there
112956,the-tale-of-the-princess-kaguya
607371,earwig-and-the-witch
69813,from-up-on-poppy-hill
26587,tales-from-earthsea
44594,ponyo
42428,the-cat-returns
41751,my-neighbors-the-yamadas
51922,princess-mononoke
26713,whisper-of-the-heart
47570,the-blob
42478,pom-poko
45130,porco-rosso
42613,only-yesterday
46157,castle-in-the-sky
51969,nausicaa-of-the-valley-of-the-wind
51700,12-angry-men
641162,sharper
28195,cure
566202,the-sky-is-everywhere
519052,the-tragedy-of-macbeth
615424,when-you-finish-saving-the-world
45203,rushmore
46549,the-kid
1010683,saturday-night-2024
806042,nyad
51373,vampyr
216086,the-handmaiden
992360,smile-2-2024
1099925,oddity-2024
979783,the-watchers-2024
51338,an-american-werewolf-in-london
44900,suspiria
51739,insomnia-2002
922858,maxxxine
818798,red-rooms
50155,ring-1998
315673,creepy
60299,lawrence-of-arabia
438692,the-boy-and-the-heron
36192,come-and-see
51674,the-life-aquatic-with-steve-zissou
49601,onibaba
43680,bottle-rocket-1996
50113,the-abyss
923207,this-place-rules
708596,the-eternal-daughter
739691,dream-scenario
387238,crazy-rich-asians
45042,sanjuro
51320,m
49597,throne-of-blood
47204,the-descent
44925,yojimbo
51698,a-fistful-of-dollars
51509,wild-strawberries
45908,infernal-affairs
1277477,miley-cyrus-something-beautiful
1037627,bring-her-back
47306,final-destination-3
47237,final-destination-2
47628,the-vanishing
49889,modern-times
34618,pulse-2001
47751,day-of-the-dead
182142,carol-2015
51230,dawn-of-the-dead
51669,vertigo
1161806,the-seed-of-the-sacred-fig
1042277,evil-does-not-exist
1116321,the-girl-with-the-needle
1095718,september-5
1168752,instruments-of-a-beating-heart
1232156,anuja
1115874,no-other-land
1065133,im-not-a-robot-2023
51620,the-seventh-seal
51202,the-general
51177,sherlock-jr
50822,inland-empire
471207,the-french-dispatch-of-the-liberty-kansas
384058,beautiful-boy-2018
931976,premonitions-following-an-evil-deed
16774,six-men-getting-sick
16714,the-amputee
51355,persona
51251,city-lights
834561,wallace-gromit-vengeance-most-fowl
44952,invasion-of-the-body-snatchers-1978
915928,the-front-room
51161,the-hidden-fortress
45727,creature-from-the-black-lagoon
51827,bride-of-frankenstein
855649,look-into-my-eyes
766759,problemista
47171,the-fly-1986
842907,shelby-oaks
49930,frankenstein-1931
51822,the-cabinet-of-dr-caligari-1920
51913,dracula
45098,cronos
50846,misery
2698,metropolis
40422,hour-of-the-wolf
370178,the-first-omen
46414,cries-and-whispers
43989,let-the-right-one-in
125830,inherent-vice
73367,inside-llewyn-davis
32847,winter-light
44320,autumn-sonata
356723,the-conjuring-the-devil-made-me-do-it
29108,the-human-condition-iii-a-soldiers-prayer
51362,the-fog
44542,high-and-low
29110,the-human-condition-ii-road-to-eternity
51422,a-hard-days-night
1115597,until-dawn-2025
10387,final-destination-5
39351,the-final-destination
38374,possession
1125397,together-2025
31363,the-human-condition-i-no-greater-love
51238,the-great-dictator
1320567,the-singers-2025
1347471,a-friend-of-dorothy-2025
1155968,jane-austens-period-drama
1433243,butchers-stain
1433245,children-no-more-were-and-are-gone
51068,y-tu-mama-tambien
1233944,two-people-exchanging-saliva
1029188,the-girl-who-cried-pearls
1116562,butterfly-2024-1
1184586,the-three-sisters-2024
1354800,forevergreen
1162331,perfectly-a-strangeness
23802,the-fabulous-baron-munchausen
8871,haxan
49596,red-beard
49595,ikiru
50866,godzilla
41055,grey-gardens
1242097,the-mastermind-2025
708458,showing-up-2022
218051,now-you-see-me-2
28888,predators
43015,harakiri
51716,seven-samurai
277351,the-predator
1262567,predator-killer-of-killers
51655,aliens-vs-predator-requiem
51882,predator-2
51846,dead-poets-society
305363,sing-street
1071926,renaissance-a-film-by-beyonce
1046227,taylor-swift-the-eras-tour
972267,it-ends-with-us
485309,hamilton-2020
10379,water-for-elephants
466291,tick-tick-boom-2021
96083,frances-ha
49131,runaway-bride
399500,in-the-heights
477863,last-christmas-2019
113380,cinderella-2015
311894,the-edge-of-seventeen
333283,the-beguiled-2017
695488,summer-of-soul-or-when-the-revolution-could
639559,spencer-2021
664327,the-flying-sailor
936040,maria-2024
1008715,a-lien
1086233,the-only-girl-in-the-orchestra
1044846,sugarcane
957324,the-six-triple-eight-2024
571116,the-kacey-musgraves-christmas-show
50766,rent
1045115,didi-2024
542001,bros
758397,the-idea-of-you-2024
46942,mad-max
47599,mad-max-2
47156,stepmom
45105,must-love-dogs
50674,shakespeare-in-love
51707,raising-arizona
46929,sideways
27183,the-graduate
45924,waitress
742625,rosaline
51640,erin-brockovich
852531,my-old-ass
562151,dating-amber
1103896,yuck
1042703,wander-to-wonder
1042711,in-the-shadow-of-the-cypress
1043418,beautiful-men-2023
1182365,i-am-ready-warden
1098317,black-box-diaries
999311,incident-2023
717471,better-man-2024
879749,elton-john-never-too-late
1098329,porcelain-war
1098332,soundtrack-to-a-coup-detat
1317346,eiru
757612,the-life-of-chuck
1247323,a-nonsense-christmas-with-sabrina-carpenter
44066,a-charlie-brown-christmas
1128116,twinless
1092778,rental-family-2025
48231,sabrina
47386,only-you-1994
45958,down-with-love
45191,st-elmos-fire
44942,sabrina-1995
44389,someone-like-you
43882,angels-demons
43804,shattered-glass
41469,somewhere-in-time
41361,all-that-jazz
20374,hugo
51487,life-is-beautiful
51483,requiem-for-a-dream
51328,moulin-rouge-2001
51188,the-philadelphia-story
50949,its-a-wonderful-life
50684,sweet-november
50177,heathers
50163,batman-1966
50090,pierrot-le-fou
48532,the-umbrellas-of-cherbourg
48478,the-witches-of-eastwick
51946,run-lola-run
51858,amelie
51552,rear-window
243063,the-greatest-showman
241430,spotlight
235480,me-and-earl-and-the-dying-girl
229981,the-accountant-2016
190077,the-theory-of-everything-2014
399504,how-to-make-a-killing-2026
381340,love-simon
379590,snow-white-2025
358757,now-you-see-me-now-you-dont-2025
337567,oceans-eight
320481,fast-x
316312,hidden-figures
309555,the-love-witch
305811,first-man
301040,sully
268371,disenchanted
560697,madame-web
546347,dont-worry-darling
542005,teenage-mutant-ninja-turtles-mutant-mayhem
541975,voicemails-for-isabelle
531122,straight-up
529203,i-care-a-lot
526954,z-o-m-b-i-e-s-2
483008,the-lost-daughter-2021
451559,the-355
436948,five-nights-at-freddys
434913,death-on-the-nile-2022
434482,rocketman-2019
431888,the-mitchells-vs-the-machines
420703,green-book
752626,la-chimera
748679,falling-for-christmas
746599,the-invitation-2022-1
744826,enola-holmes-2
744480,about-fate
739775,bo-burnham-inside
737155,persuasion-2022
736961,after-everything-2023
733404,my-best-friends-exorcism
722509,look-both-ways-2022
719611,the-people-we-hate-at-the-wedding
718296,ticket-to-paradise-2022
718295,senior-year-2022
717863,whats-love-got-to-do-with-it-2022
717244,luckiest-girl-alive
710073,dumb-money
708499,fingernails
706064,fresh-2022
698765,the-school-for-good-and-evil
687640,moonshot
683451,damsel-2024
683194,do-revenge
670962,heads-of-state
666928,hello-goodbye-and-everything-in-between
666925,love-in-taipei
647760,the-gray-man-2022
639707,mr-malcolms-list-2022
626795,your-place-or-mine-2023
620665,the-adam-project
620295,cold-storage-2026
607401,vengeance-2022
605262,i-want-you-back
592318,transformers-rise-of-the-beasts
589093,shiva-baby-2020
568678,hocus-pocus-2
567926,am-i-ok
564996,murder-mystery-2
1011313,the-ballad-of-wallis-island
989651,fountain-of-youth-2025
980914,the-amateur-2025
977186,toy-story-5
967012,self-reliance
965346,thanksgiving-2023
954972,winter-spring-summer-or-fall
917889,shortcomings
915235,beautiful-disaster
911169,molli-and-max-in-the-future
905752,bo-burnham-the-inside-outtakes
900356,you-are-so-not-invited-to-my-bat-mitzvah
890105,humanist-vampire-seeking-consenting-suicidal-person
882718,gran-turismo
879566,polite-society
877360,totally-killer
877240,another-simple-favor
871041,ghostbusters-frozen-empire
861250,drive-away-dolls
847622,80-for-brady
846536,heathers-the-musical-1
841926,christmas-with-you
839734,love-in-the-villa
837589,prom-pact
835417,red-white-royal-blue
833761,weird-the-al-yankovic-story-2022
831196,the-beanie-bubble
827380,the-out-laws
823967,i-used-to-be-funny
822180,something-from-tiffanys
817403,fair-play-2023
803787,book-of-love-2022
789276,teen-wolf-the-movie
781166,somebody-i-used-to-know
779714,your-christmas-or-mine
778117,joy-ride-2023
775340,dont-make-me-go
760781,fire-island-2022
758230,players-2024
753678,not-okay
753106,she-said-2022
1308612,snl50-the-anniversary-special-2025
1297861,mountainhead
1268331,f-marry-kill
1254830,reminders-of-him
1247131,office-romance-2026
1242215,maintenance-required
1233685,oh-hi
1208076,regretting-you
1202134,the-wrong-paris
1193750,the-map-that-leads-to-you
1188858,my-oxford-year
1184651,heart-eyes
1176918,my-fault-london
1173919,the-woman-in-cabin-10
1164154,the-furious
1162634,the-wedding-banquet-2025
1155565,bridget-jones-mad-about-the-boy
1151425,the-roses-2025
1150113,ready-or-not-2-here-i-come
1147371,happy-gilmore-2
1138997,the-life-list
1133530,drop-2025
1126245,z-o-m-b-i-e-s-4-dawn-of-the-vampires
1122536,deep-cover-2025
1110080,the-super-mario-galaxy-movie
1109730,jack-whitehall-settle-down
1102669,jingle-bell-heist
1089695,picture-this-2025
1086872,enola-holmes-3
1083331,bad-apples-2025
1082160,black-phone-2
1080892,wicker
1078144,exmas-2023
1058132,crime-101
1045381,scream-7
1042751,our-fault
1041160,his-three-daughters
1017162,a-nice-indian-boy
1015194,anniversary-2025
542019,atlas-2024
889178,a-family-affair-2024-1
908689,incoming-2024
1118310,our-little-secret
1173423,hot-frosty
900776,sweethearts-2024
1111567,taylor-tomlinson-have-it-all
1271438,james-acaster-hecklers-welcome
989760,your-monster-2024
1118786,the-last-showgirl
895007,lisa-frankenstein
777979,caddo-lake
1098320,will-harper
622413,transformers-one
1508924,harry-styles-one-night-in-manchester
1501355,lorne-2026
1487037,taylor-tomlinson-prodigal-daughter
1485635,seekers-of-infinite-love
1478793,one-last-adventure-the-making-of-stranger
1467711,marcello-hernandez-american-boy
1451880,the-musical-2026
1437622,leviticus-2026
1428983,the-incomer
1416313,stop-that-train
1403897,extra-geography
1390530,wishful-thinking-2026
1370567,pizza-movie-2026
1360926,brian-2026
1356936,how-to-lose-a-popularity-contest
1328181,fing
5363,the-kings-speech
2703,american-beauty
2685,unforgiven
50330,field-of-dreams
48327,three-kings
47096,glengarry-glen-ross
51497,trainspotting
51473,mash
97106,the-act-of-killing
362365,vice-2018
621571,extraction-2
430806,im-thinking-of-ending-things
51968,miami-vice
312736,oj-made-in-america
26589,macgruber
46193,hustle-flow
51750,the-celebration
84051,the-hunt-2012
381754,den-of-thieves
581946,jackass-forever
49241,michael-clayton
789010,wolfs
46424,playtime
47434,the-insider
45366,blood-simple
201340,straight-outta-compton
52504,silence
662656,borat-subsequent-moviefilm-delivery-of-prodigious
606323,my-octopus-teacher
586944,one-night-in-miami
542465,ma-raineys-black-bottom
509699,da-5-bloods
494146,american-factory
480099,the-two-popes
397578,if-beale-street-could-talk
366068,icarus-2017
220213,citizenfour
47146,election
