user,filmid,rating
TA,1156409,2.0
TA,772232,4.5
TA,1046522,0.0
TA,1284627,4.0
TA,70007,4.0
TA,680739,2.5
TA,1187446,2.5
TA,1255319,2.5
TA,1231801,4.0
TA,1197499,4.5
TA,1125033,3.5
TA,51817,4.5
TA,1118277,2.5
TA,729113,3.5
TA,981077,3.5
TA,760193,2.0
TA,593280,0.5
TA,531894,2.5
TA,45672,4.0
TA,51770,5.0
TA,1013357,4.5
TA,964438,2.0
TA,565952,4.5
TA,1090464,4.5
TA,1125383,4.0
TA,574595,3.0
TA,1129199,3.0
TA,51886,3.5
TA,51945,5.0
TA,1024562,3.0
TA,871148,3.0
TA,51469,4.0
TA,1172787,3.0
TA,958100,3.5
TA,1333498,3.5
TA,716178,3.5
TA,1125809,3.5
TA,49007,5.0
TA,276819,2.5
TA,625400,4.0
TA,976429,2.5
TA,781223,3.0
TA,51850,4.5
TA,975393,3.5
TA,756042,2.0
TA,951277,4.5
TA,531316,4.0
TA,51867,3.5
TA,543967,4.0
TA,972109,4.5
TA,933381,4.0
TA,51400,4.5
TA,51323,4.5
TA,51195,4.0
TA,957050,3.5
TA,51366,4.5
TA,1117926,3.0
TA,51397,3.5
TA,47212,0.0
TA,45116,0.0
TA,160497,0.0
TA,817977,4.0
TA,49054,4.0
TA,50845,0.0
TA,117574,4.0
TA,1081017,2.5
TA,992786,4.0
TA,1122691,3.0
TA,1025047,3.5
TA,49311,4.0
TA,45017,4.5
TA,50972,3.0
RZ,1149140,2.5
RZ,1090464,3.5
RZ,1122691,3.0
RZ,1124701,2.0
RZ,1231801,4.0
RZ,620281,3.0
RZ,992786,3.5
RZ,951277,4.5
RZ,1116755,4.5
RZ,1024562,3.0
RZ,574595,4.0
RZ,543967,2.5
RZ,957050,3.5
RZ,958100,2.5
RZ,1172787,3.0
RZ,772232,4.5
RZ,871148,3.5
RZ,931480,3.0
RZ,1333498,4.0
RZ,1013357,4.0
RZ,1113868,2.0
RZ,625400,3.0
RZ,720953,4.0
RZ,1148858,3.0
RZ,1036511,3.5
RZ,972109,4.0
RZ,1116600,5.0
RZ,933381,5.0
RZ,877608,1.0
RZ,901671,4.5
RZ,977172,3.5
RZ,926589,4.5
RZ,1164440,4.0
RZ,912810,3.0
RZ,359505,3.0
RZ,989125,4.5
RZ,478428,5.0
RZ,651226,2.5
RZ,959540,4.5
RZ,806907,4.0
RZ,913258,4.5
RZ,955184,2.5
RZ,337036,4.0
RZ,486978,2.5
RZ,877253,4.0
RZ,704155,4.0
RZ,838140,3.0
RZ,1004531,3.5
RZ,1066919,4.5
RZ,931164,3.5
RZ,641608,3.0
RZ,1110059,3.5
RZ,1041957,4.0
RZ,928261,3.0
RZ,842301,4.0
NB,1247261,2.5
NB,742438,3.0
NB,1295206,4.5
NB,1357402,3.0
NB,606298,3.0
NB,444424,0.0
NB,1084117,3.5
NB,1284157,3.5
NB,977342,3.5
NB,48894,4.0
NB,1400340,4.0
NB,51068,4.0
NB,1233944,3.0
NB,1029188,2.5
NB,1116562,4.0
NB,1184586,2.0
NB,1354800,3.5
NB,544936,0.0
NB,1162331,2.0
NB,1197299,3.5
NB,23802,4.0
NB,1156409,4.5
NB,8871,4.0
NB,49596,5.0
NB,48153,0.0
NB,49257,4.0
NB,49595,4.5
NB,856036,0.0
NB,2690,5.0
NB,50866,4.0
NB,41055,4.0
NB,49184,4.0
NB,70007,3.5
NB,1284627,3.0
NB,754115,3.0
NB,964438,2.0
NB,1197499,5.0
NB,1027525,3.5
NB,1242097,3.5
NB,729113,4.0
NB,1104348,4.0
NB,51556,4.0
NB,1231801,3.0
NB,871148,2.5
NB,1125383,4.0
NB,218051,2.5
NB,730803,0.0
NB,565952,5.0
NB,772232,4.5
NB,716178,3.0
NB,43015,5.0
NB,51716,5.0
NB,50187,0.0
NB,36404,0.0
NB,48638,0.0
NB,46317,0.0
NB,47241,0.0
NB,390264,0.0
NB,7843,0.0
NB,1125809,4.0
NB,1262567,4.0
NB,51655,0.5
NB,277351,1.0
NB,51882,2.5
NB,28888,3.0
NB,931480,3.0
NB,1013357,4.5
NB,986257,2.0
NB,44952,4.0
NB,915928,2.0
NB,772230,2.0
NB,51161,4.0
MT,337036,5.0
MT,117621,4.0
MT,823648,3.0
MT,905876,1.0
MT,959540,3.5
MT,521323,2.0
MT,617443,4.5
MT,326279,3.5
MT,835774,2.0
MT,475370,3.5
MT,371378,5.0
MT,784328,4.5
MT,277064,5.0
MF,1284627,4.0
MF,1117926,2.5
MF,1284154,4.0
MF,1333498,3.5
MF,1284157,4.5
MF,964438,2.5
MF,757612,2.5
MF,1181463,3.0
MF,1257923,3.0
MF,932856,3.5
MF,565952,4.5
MF,1027525,4.5
MF,1046522,3.5
MF,70007,3.0
MF,817977,4.0
MF,980116,3.5
MF,1197499,4.5
MF,46231,4.5
MF,44066,4.5
MF,1104348,2.5
MF,951277,4.5
MF,1231801,3.0
MF,729113,4.5
MF,44580,4.0
MF,1125383,3.5
MF,44581,4.0
MF,1128116,4.0
MF,1025047,3.0
MF,51385,2.5
MF,51449,2.5
MF,957050,3.0
MF,51450,3.5
MF,720953,3.5
MF,1143390,4.0
MF,1092778,3.0
MF,1013357,4.0
MF,1172787,3.0
MF,871148,4.0
MF,1124701,4.0
MF,772232,4.5
MF,51047,3.5
MF,958100,4.0
MF,620281,2.5
MF,51452,4.5
MF,51453,5.0
MF,625400,3.5
MF,574595,3.5
MF,1125033,4.0
MF,47156,2.5
MF,1090464,4.5
MF,47109,4.5
MF,45105,2.5
MF,239260,5.0
MF,16550,4.5
MF,51784,4.0
MF,51707,3.5
MF,46929,4.5
MF,51935,4.0
MF,43601,3.0
MF,27183,4.0
MF,51781,4.5
MF,102444,3.0
MF,45924,3.0
MF,933381,4.0
MF,51366,3.0
MF,51909,5.0
MF,14327,4.0
MF,1024562,4.0
MF,43582,3.0
MF,1116755,3.0
MF,742625,4.0
MF,46986,2.0
KH,1428983,0.0
KH,1403897,0.0
KH,1451880,0.0
KH,1084117,0.0
KH,932856,0.0
KH,50090,0.0
KH,50846,0.0
KH,1013357,4.5
KH,1046522,0.0
KH,927832,0.0
KH,1197499,3.0
KH,716178,0.0
KH,358757,0.0
KH,625400,0.0
KH,729113,0.0
KH,964438,0.0
KH,958100,3.0
KH,951277,4.5
KH,1102669,0.0
KH,1082160,0.0
KH,677571,0.0
KH,1015194,0.0
KH,1143390,0.0
KH,1036511,0.0
KH,1149140,0.0
KH,1308612,0.0
KH,1126245,0.0
KH,1148858,0.0
KH,1202134,0.0
KH,1042751,0.0
KH,1231801,0.0
KH,1233685,0.0
KH,1208076,0.0
KH,980914,0.0
KH,1151425,0.0
KH,933381,0.0
KH,738292,0.0
KH,931480,0.0
KH,772232,4.5
KH,871148,0.0
KH,1125033,0.0
KH,1083331,0.0
KH,1242215,0.0
KH,1173919,0.0
KH,462903,0.0
KH,972109,0.0
KH,1193750,0.0
KH,1125397,0.0
KH,1129199,0.0
KH,992786,0.0
KH,1117926,0.0
KH,1013867,0.0
KH,1188858,0.0
KH,1011313,0.0
KH,1147371,0.0
KH,543967,0.0
KH,1122536,0.0
KH,670962,0.0
KH,877240,0.0
KH,1176918,0.0
KH,1116755,0.0
KH,1184651,0.0
KH,379590,0.0
KH,526954,0.0
KH,957050,0.0
KH,43804,0.0
KH,301040,0.0
KH,51519,0.0
KH,980116,0.0
KH,1024562,0.0
KH,720953,0.0
KH,817977,0.0
DN,465921,4.0
DN,565952,4.0
DN,1197499,4.5
DN,933381,3.5
DN,972109,3.5
DN,1116600,3.5
DN,958100,4.0
DN,1025331,3.5
DN,591053,4.0
DN,326279,3.5
DN,51400,4.0
DN,503403,4.0
DN,1024562,3.5
DN,1082225,2.5
DN,1124701,4.0
DN,197628,5.0
DN,1122691,3.5
DN,782006,3.0
DN,545985,4.0
DN,37688,4.0
DN,502622,3.0
DN,45680,3.5
DN,959540,4.0
DN,171384,4.5
DN,1013393,1.5
DN,257426,4.0
DN,842301,4.0
DN,589365,3.0
DN,679072,3.0
DN,1105895,4.0
DN,51952,5.0
DN,486978,3.5
DN,997722,3.5
DN,117621,5.0
DN,1068413,3.5
DN,905876,2.0
DN,838140,4.0
DN,682535,2.0
DN,952812,4.0
DN,764890,4.0
DN,762812,1.5
DN,51147,4.0
DN,835774,3.5
DN,277064,3.5
DN,426406,4.5
CA,1357402,2.5
CA,606298,2.0
CA,1084117,3.5
CA,977342,3.5
CA,48894,4.0
CA,1156409,4.5
CA,49257,4.0
CA,2690,5.0
CA,49184,4.0
CA,70007,4.0
CA,1284627,3.0
CA,964438,2.0
CA,1197499,5.0
CA,1027525,4.0
CA,1242097,3.5
CA,729113,4.0
CA,1104348,4.0
CA,1231801,3.0
CA,871148,1.5
CA,1125383,2.5
CA,218051,2.0
CA,51609,4.0
CA,565952,4.5
CA,772232,4.5
CA,716178,2.5
CA,51716,5.0
CA,1125809,4.0
CA,931480,3.0
CA,1013357,4.5
CA,132034,4.0
CA,1172787,3.0
CA,1113868,3.0
CA,625400,4.0
CA,842907,1.5
CA,1333498,3.5
CA,1046522,4.0
CA,958100,3.0
CA,1129199,2.5
CA,951277,5.0
CA,43989,4.5
CA,531316,2.5
CA,73367,4.0
CA,125830,4.0
CA,356723,2.0
CA,1133530,1.5
CA,46424,4.5
CA,51362,4.0
CA,44542,4.5
CA,502622,3.0
CA,972109,0.0
CA,38374,3.0
CA,1125397,3.0
CA,933381,4.0
CA,574595,4.5
CA,47434,4.5
CA,1127005,3.5
CA,543967,4.0
CA,62065,2.5
CA,957050,3.5
CA,1117926,2.5
CA,437050,1.0
CA,817977,4.0
CA,1090464,4.5
CA,51469,4.0
CA,45908,4.0
CA,45366,3.0
CA,992786,4.0
CA,270476,4.0
CA,50972,2.0
CA,1024562,3.5
CA,46193,4.0
CA,470671,3.0
BC,1284627,4.0
BC,1117926,2.5
BC,1284154,4.0
BC,1333498,3.5
BC,1284157,4.0
BC,45807,3.0
BC,1181463,3.5
BC,1257923,3.5
BC,932856,2.5
BC,565952,4.0
BC,1027525,4.0
BC,1046522,4.0
BC,680739,2.5
BC,70007,3.5
BC,817977,4.0
BC,980116,3.5
BC,1197499,4.5
BC,1104348,2.0
BC,1231801,3.0
BC,729113,4.0
BC,772232,4.0
BC,1125383,2.0
BC,1128116,4.5
BC,1025047,3.5
BC,957050,3.0
BC,720953,3.5
BC,1143390,4.0
BC,1092778,3.0
BC,871148,3.5
BC,1172787,3.0
BC,1124701,4.0
BC,958100,3.0
BC,1013357,4.5
BC,184061,3.5
BC,625400,3.5
BC,951277,4.0
BC,574595,3.5
BC,1125033,4.0
BC,47109,4.5
BC,50517,4.0
BC,47146,5.0
BC,1090464,4.0
BC,50674,4.0
BC,51707,3.5
BC,46929,5.0
BC,51935,4.5
BC,43601,3.5
BC,42580,4.5
BC,27183,3.0
BC,51781,5.0
BC,102444,3.5
BC,46331,2.5
BC,45924,3.0
BC,933381,4.0
BC,51366,4.0
BC,47790,4.0
BC,51909,4.5
BC,1024562,4.5
BC,43582,2.5
BC,1116755,2.0
BC,1122691,4.0
BC,46986,1.5
BC,51536,3.0
BC,46813,3.5
BC,51905,4.0
BC,46911,5.0
BC,51984,4.0
BC,50960,3.0
BC,1116600,4.5
BC,51640,4.5
BC,852531,2.5
BC,562151,4.5
TA,536970,2.0
TA,470671,4.0
TA,1169284,0.0
TA,51155,5.0
TA,738292,2.5
TA,1116755,4.0
TA,51529,4.0
TA,51578,4.0
TA,503403,3.0
TA,782006,3.5
TA,887653,2.0
TA,1124701,4.0
TA,1116600,5.0
TA,677571,4.0
TA,6286,4.0
TA,48894,2.5
TA,819320,2.5
TA,47914,0.0
TA,1170947,0.0
TA,854687,2.5
TA,508246,4.5
TA,620281,3.5
TA,51717,4.5
TA,1025331,3.0
TA,754115,2.5
TA,1013393,2.5
TA,837053,3.5
TA,739451,3.5
TA,1164440,2.5
TA,1031530,0.0
TA,977172,4.0
TA,926589,4.5
TA,891291,4.0
TA,959829,4.0
TA,901671,4.0
TA,586583,4.0
TA,1071196,3.0
TA,877608,2.0
TA,772230,2.5
TA,1041245,3.0
TA,51881,4.0
TA,359505,4.0
TA,51471,4.0
TA,51485,4.0
TA,800858,2.0
TA,823648,3.0
TA,478428,4.5
TA,913258,3.5
TA,959540,4.5
TA,337036,4.0
TA,51494,4.5
TA,486978,3.0
TA,433863,3.0
TA,887650,2.0
TA,838140,4.0
TA,997722,3.5
TA,877253,4.0
TA,50226,4.0
TA,520328,4.0
TA,543717,1.5
TA,330912,4.0
TA,49530,3.0
TA,1004531,3.5
TA,431109,3.0
TA,927832,4.5
TA,362362,4.0
TA,717126,2.0
TA,595029,2.0
TA,908144,4.0
TA,99144,2.5
TA,26681,2.5
TA,850459,4.0
TA,1031876,0.0
TA,51445,4.0
TA,51714,4.5
TA,462870,1.5
TA,931164,3.5
TA,570193,2.0
TA,641608,3.0
TA,102444,4.0
TA,682535,3.5
TA,285509,4.5
TA,390264,2.0
TA,45120,3.0
TA,908327,3.0
TA,877046,3.0
TA,921578,2.5
TA,51970,4.5
TA,51974,4.0
TA,667550,4.0
TA,836213,0.0
TA,705221,4.0
TA,1098322,3.5
TA,724289,3.5
TA,578774,4.0
TA,842301,4.0
TA,948882,2.5
TA,488751,4.0
TA,51973,3.5
TA,834656,4.0
TA,51843,0.0
TA,764890,4.0
TA,438511,4.0
TA,843415,3.5
TA,710352,4.0
TA,617443,5.0
TA,868485,4.0
TA,919121,2.5
TA,451296,3.5
TA,47029,4.0
TA,755564,4.0
TA,398800,4.0
TA,453069,3.0
TA,469971,2.5
TA,952812,4.0
TA,822093,4.0
TA,966990,3.0
TA,762812,1.5
TA,835774,2.5
TA,706083,4.0
TA,754441,4.0
TA,51339,3.5
TA,976899,1.0
TA,674137,3.0
TA,845706,4.5
TA,715514,4.0
TA,878854,3.0
TA,47067,3.5
TA,45631,3.0
TA,277023,4.0
TA,51782,4.5
TA,619510,3.5
TA,591053,4.0
TA,266427,3.0
TA,717654,4.0
TA,47234,3.0
TA,795897,3.0
TA,398009,4.0
TA,49455,4.0
TA,819648,4.5
TA,868583,3.0
TA,825457,3.5
TA,731222,3.5
TA,69151,4.0
TA,49846,4.0
TA,51621,4.5
TA,810003,3.0
TA,20956,3.0
TA,51987,4.0
TA,784328,4.5
TA,51521,4.0
TA,277064,3.5
TA,503402,4.5
TA,92160,4.5
TA,779548,2.0
TA,505000,4.0
TA,575258,3.5
TA,265433,3.0
TA,668555,4.0
TA,929438,3.5
TA,159888,3.0
TA,868491,3.0
TA,225845,2.5
TA,907157,1.0
TA,51432,4.5
TA,645096,4.0
TA,497631,4.5
TA,915230,4.0
TA,379711,4.0
TA,954476,3.5
TA,717541,3.5
TA,572120,3.5
TA,558056,3.5
TA,793865,4.5
TA,47098,0.0
TA,853378,2.5
TA,629376,0.0
TA,530882,4.5
TA,424003,3.5
TA,601624,3.5
TA,296341,0.0
TA,566237,3.0
TA,27713,0.0
TA,45747,0.0
TA,49443,0.0
TA,50509,0.0
TA,51519,0.0
TA,51296,0.0
TA,48797,0.0
TA,50225,0.0
TA,40479,0.0
TA,51732,0.0
TA,45918,0.0
TA,51490,0.0
TA,49299,0.0
TA,51814,0.0
TA,50349,0.0
TA,27285,0.0
TA,46331,0.0
TA,48106,0.0
TA,46813,0.0
TA,51138,0.0
TA,51888,0.0
TA,50735,0.0
TA,98336,0.0
TA,137476,0.0
TA,330220,0.0
TA,50654,0.0
TA,50152,0.0
TA,49254,0.0
TA,51865,0.0
TA,206671,4.0
TA,117583,0.0
TA,44768,0.0
TA,51839,3.0
TA,44042,0.0
TA,309107,0.0
TA,247385,0.0
TA,441862,0.0
TA,507592,0.0
TA,333445,0.0
TA,350384,0.0
TA,62638,0.0
TA,157841,0.0
TA,9788,4.0
TA,161002,0.0
TA,806637,0.0
TA,415208,0.0
TA,123066,0.0
TA,129816,4.5
TA,378473,0.0
TA,407855,0.0
TA,268366,0.0
TA,781326,0.0
TA,868558,4.5
TA,696310,0.0
TA,427970,2.0
TA,721333,0.5
TA,48920,0.0
TA,51283,0.0
TA,50957,0.0
TA,50589,0.0
TA,47897,0.0
TA,48101,0.0
TA,47987,0.0
TA,47026,0.0
TA,46838,0.0
TA,135751,0.0
TA,37565,0.0
TA,50146,0.0
TA,46012,0.0
TA,40075,0.0
TA,184526,0.0
TA,51134,0.0
TA,264335,0.0
TA,75322,0.0
TA,50963,0.0
TA,50660,0.0
TA,60733,0.0
TA,44831,0.0
TA,47319,0.0
TA,159976,0.0
TA,676215,0.0
TA,51508,0.0
TA,27712,0.0
TA,559025,0.0
TA,47252,0.0
TA,46682,0.0
TA,50101,0.0
TA,580092,0.0
TA,51020,0.0
TA,50776,0.0
TA,66563,0.0
TA,51004,0.0
TA,49434,0.0
TA,50617,0.0
TA,34396,0.0
TA,45686,0.0
TA,49531,0.0
TA,42994,0.0
TA,47900,0.0
TA,73594,0.0
TA,49503,0.0
TA,47508,0.0
TA,47473,0.0
TA,46040,0.0
TA,34395,0.0
TA,23321,0.0
TA,103559,0.0
TA,48113,0.0
TA,41512,0.0
TA,47242,0.0
TA,45220,0.0
TA,45079,0.0
TA,38970,0.0
TA,48919,0.0
TA,251773,0.0
TA,47091,0.0
TA,46422,0.0
TA,47118,0.0
TA,48308,0.0
TA,50769,0.0
TA,2693,0.0
TA,51433,0.0
TA,45088,0.0
TA,62238,0.0
TA,47125,0.0
TA,152464,0.0
TA,46037,0.0
TA,47699,0.0
TA,51960,0.0
TA,76504,0.0
TA,327934,0.0
TA,354530,0.0
TA,45411,0.0
TA,116825,0.0
TA,51130,0.0
TA,180414,0.0
TA,51416,0.0
TA,324575,0.0
TA,46455,0.0
TA,63462,0.0
TA,217178,0.0
TA,235745,0.0
TA,51334,0.0
TA,50961,0.0
TA,50958,0.0
TA,46870,0.0
TA,47516,0.0
TA,410437,0.0
TA,50962,0.0
TA,50818,0.0
TA,51297,0.0
TA,234208,0.0
TA,47122,0.0
TA,220754,0.0
TA,542567,0.0
TA,46084,0.0
TA,51203,0.0
TA,266132,0.0
TA,48298,0.0
TA,47552,0.0
TA,87953,0.0
TA,49035,0.0
TA,51335,0.0
TA,52510,0.0
TA,774923,0.0
TA,26205,0.0
TA,174952,0.0
TA,51955,0.0
TA,50631,0.0
TA,603,0.0
TA,6699,0.0
TA,221232,0.0
TA,50224,0.0
TA,47769,0.0
TA,51701,0.0
TA,46512,0.0
TA,69064,0.0
TA,51271,0.0
TA,51988,4.0
TA,46572,0.0
TA,51088,0.0
TA,475901,0.0
TA,69453,0.0
TA,266628,0.0
TA,51474,0.0
TA,47126,0.0
TA,46590,0.0
TA,411439,0.0
TA,45021,0.0
TA,62108,0.0
TA,647008,0.0
TA,46987,0.0
TA,46867,4.0
TA,50937,0.0
TA,50916,0.0
TA,49396,0.0
TA,51006,0.0
TA,51536,0.0
TA,16527,0.0
TA,809443,0.0
TA,828615,0.0
TA,318913,0.0
TA,46946,0.0
TA,14285,0.0
TA,46763,0.0
TA,51012,0.0
TA,51084,0.0
TA,49922,0.0
TA,50223,0.0
TA,51660,0.0
TA,48167,0.0
TA,51472,0.0
TA,320000,0.0
TA,34394,0.0
TA,50357,0.0
TA,51205,2.5
TA,46779,0.0
TA,19921,0.0
TA,37503,4.5
TA,49983,0.0
TA,50517,0.0
TA,683285,0.0
TA,14327,0.0
TA,314883,0.0
TA,23857,0.0
TA,51513,0.0
TA,50568,0.0
TA,223396,0.0
TA,51678,0.0
TA,46986,0.0
TA,358272,0.0
TA,51761,0.0
TA,13972,0.0
TA,51204,3.5
TA,51677,0.0
TA,37180,0.0
TA,51398,0.0
TA,51336,0.0
TA,80349,0.0
TA,51731,0.0
TA,15145,0.0
TA,140512,0.0
TA,27730,0.0
TA,51976,0.0
TA,235388,0.0
TA,51933,0.0
TA,124133,0.0
TA,809395,0.0
TA,50521,0.0
TA,37648,0.0
TA,26196,0.0
TA,47705,0.0
TA,19987,0.0
TA,482701,0.0
TA,47648,0.0
TA,51360,0.0
TA,47068,0.0
TA,46869,0.0
TA,50561,0.0
TA,48602,0.0
TA,330715,0.0
TA,46459,0.0
TA,46462,0.0
TA,51802,0.0
TA,44741,0.0
TA,44750,0.0
TA,87964,0.0
TA,51364,0.0
TA,51749,0.0
TA,51984,0.0
TA,47255,0.0
TA,145822,0.0
TA,50544,0.0
TA,50580,0.0
TA,27722,0.0
TA,118110,0.0
TA,20908,0.0
TA,50742,0.0
TA,51855,0.0
TA,263222,0.0
TA,434753,0.0
TA,49280,0.0
TA,46715,0.0
TA,51804,0.0
TA,47637,0.0
TA,671814,0.0
TA,268192,0.0
TA,268380,0.0
TA,106267,0.0
TA,2699,0.0
TA,839774,0.0
TA,541998,0.0
TA,83424,0.0
TA,50995,4.0
TA,51342,0.0
TA,518788,0.0
TA,508037,0.0
TA,46964,0.0
TA,10442,0.0
TA,338883,0.0
TA,51554,0.0
TA,94394,4.0
TA,46229,0.0
TA,86991,0.0
TA,51206,3.5
TA,354538,0.0
TA,48160,0.0
TA,51709,0.0
TA,4948,3.5
TA,48030,0.0
TA,51944,0.0
TA,239260,0.0
TA,183255,0.0
TA,51936,0.0
TA,135120,0.0
TA,51516,0.0
TA,58486,3.0
TA,369179,0.0
TA,40860,0.0
TA,46794,0.0
TA,124379,0.0
TA,46505,0.0
TA,57376,0.0
TA,51871,0.0
TA,48883,0.0
TA,641574,0.0
TA,52501,0.0
TA,47577,0.0
TA,51298,0.0
TA,47867,0.0
TA,51061,0.0
TA,51365,0.0
TA,574385,0.0
TA,52508,0.0
TA,382669,0.0
TA,220080,0.0
TA,27723,0.0
TA,268365,0.0
TA,142549,0.0
TA,532082,0.0
TA,51679,0.0
TA,172492,0.0
TA,437050,0.0
TA,357682,0.0
TA,87873,0.0
TA,51207,0.0
TA,48296,0.0
TA,544380,0.0
TA,51648,0.0
TA,147597,0.0
TA,46753,0.0
TA,50941,0.0
TA,45855,0.0
TA,6599,0.0
TA,47111,0.0
TA,96552,0.0
TA,281529,0.0
TA,44838,0.0
TA,51773,0.0
TA,273974,0.0
TA,51788,0.0
TA,518787,0.0
TA,251937,0.0
TA,47198,0.0
TA,51670,0.0
TA,47778,0.0
TA,452289,4.0
TA,47553,0.0
TA,378048,0.0
TA,46622,0.0
TA,57292,0.0
TA,264328,0.0
TA,51963,2.5
TA,16530,0.0
TA,51943,0.0
TA,107670,0.0
TA,51380,4.5
TA,45204,0.0
TA,488575,0.0
TA,371005,0.0
TA,671815,0.0
TA,558054,0.0
TA,51875,0.0
TA,47809,0.0
TA,101990,0.0
TA,50827,0.0
TA,44070,4.0
TA,51517,0.0
TA,90896,0.0
TA,51593,0.0
TA,45065,0.0
TA,46551,0.0
TA,283273,4.5
TA,333825,0.0
TA,105183,0.0
TA,16074,0.0
TA,51514,0.0
TA,37354,0.0
TA,51666,0.0
TA,51614,0.0
TA,51961,4.0
TA,169728,0.0
TA,695473,0.0
TA,251872,0.0
TA,551275,0.0
TA,283778,0.0
TA,51503,0.0
TA,511342,0.0
TA,51977,0.0
TA,101991,0.0
TA,395731,0.0
TA,50159,0.0
TA,51989,0.0
TA,16091,0.0
TA,45959,0.0
TA,62065,0.0
TA,51340,0.0
TA,261891,0.0
TA,686389,0.0
TA,709530,0.0
TA,15051,4.5
TA,45667,0.0
TA,441471,0.0
TA,508638,0.0
TA,4586,0.0
TA,51914,0.0
TA,69154,0.0
TA,225060,0.0
TA,16525,0.0
TA,47586,0.0
TA,51838,0.0
TA,524592,0.0
TA,99507,0.0
TA,279,0.0
TA,51776,0.0
TA,390039,0.0
TA,679291,0.0
TA,99402,0.0
TA,213190,0.0
TA,270106,0.0
TA,48049,0.0
TA,46001,0.0
TA,26770,0.0
TA,27809,4.0
TA,51024,0.0
TA,148998,0.0
TA,51233,0.0
TA,51994,4.0
TA,251661,0.0
TA,671813,0.0
TA,51613,0.0
TA,197628,5.0
TA,278668,0.0
TA,37598,0.0
TA,420451,0.0
TA,495969,0.0
TA,40100,0.0
TA,340202,0.0
TA,291419,0.0
TA,104174,0.0
TA,787181,0.0
TA,46911,5.0
TA,668077,0.0
TA,62671,0.0
TA,26779,0.0
TA,359859,0.0
TA,39352,0.0
TA,182910,0.0
TA,51932,0.0
TA,49210,0.0
TA,83215,0.0
TA,263221,0.0
TA,246013,0.0
TA,335384,0.0
TA,450337,4.0
TA,51952,5.0
TA,405545,0.0
TA,82488,0.0
TA,51408,0.0
TA,449442,0.0
TA,51890,0.0
TA,51407,0.0
TA,261866,0.0
TA,542449,0.0
TA,106262,0.0
TA,146954,0.0
TA,305964,0.0
TA,488399,0.0
TA,87948,0.0
TA,62822,0.0
TA,527841,0.0
TA,265438,0.0
TA,129662,0.0
TA,426131,0.0
TA,51559,0.0
TA,216301,4.5
TA,515467,0.0
TA,228628,0.0
TA,47469,2.0
TA,25859,0.0
TA,51343,0.0
TA,51405,0.0
TA,51965,4.0
TA,51556,0.0
TA,51289,0.0
TA,50710,0.0
TA,261108,0.0
TA,285,0.0
TA,60298,0.0
TA,2695,0.0
TA,291610,0.0
TA,51939,0.0
TA,227784,0.0
TA,148200,0.0
TA,51047,0.0
TA,2690,5.0
TA,51712,0.0
TA,192410,0.0
TA,225026,0.0
TA,51385,4.0
TA,48051,0.0
TA,46511,0.0
TA,44581,3.0
TA,50711,0.0
TA,46458,0.0
TA,50677,0.0
TA,51295,0.0
TA,225027,0.0
TA,184061,0.0
TA,46456,0.0
TA,51816,0.0
TA,333203,0.0
TA,318195,0.0
TA,52513,0.0
TA,178123,0.0
TA,59281,0.0
TA,197012,0.0
TA,47219,0.0
TA,454016,0.0
TA,51949,0.0
TA,51696,0.0
TA,51449,0.0
TA,50709,0.0
TA,51042,0.0
TA,47776,0.0
TA,131984,0.0
TA,44580,3.0
TA,316315,0.0
TA,50809,0.0
TA,51381,0.0
TA,51452,0.0
TA,51542,0.0
TA,51147,4.0
TA,172076,0.0
TA,565852,0.0
TA,207224,0.0
TA,51450,0.0
TA,83557,0.0
TA,47677,0.0
TA,435450,0.0
TA,50712,0.0
TA,48044,0.0
TA,641086,0.0
TA,211511,0.0
TA,258128,0.0
TA,46049,0.0
TA,418135,0.0
TA,51344,0.0
TA,186549,5.0
TA,51784,4.0
TA,51535,0.0
TA,51484,0.0
TA,494969,0.0
TA,2705,0.0
TA,51929,5.0
TA,81605,0.0
TA,641961,0.0
TA,226750,0.0
TA,51560,0.0
TA,369835,0.0
TA,139795,0.0
TA,333308,0.0
TA,427807,0.0
TA,131987,0.0
TA,187986,5.0
TA,358222,0.0
TA,110740,0.0
TA,543002,0.0
TA,16550,4.0
TA,237177,0.0
TA,51928,5.0
TA,51610,0.0
TA,51561,0.0
TA,81909,0.0
TA,51733,0.0
TA,51290,0.0
TA,50659,0.0
TA,46806,0.0
TA,51453,0.0
TA,51524,0.0
TA,50825,0.0
TA,51451,0.0
TA,209322,0.0
TA,107418,0.0
TA,194402,4.0
TA,48140,4.0
TA,506032,0.0
TA,209381,0.0
TA,50713,0.0
TA,169907,0.0
TA,43302,0.0
TA,39304,0.0
TA,51383,0.0
TA,422682,0.0
TA,379687,4.5
TA,277,0.0
TA,310199,0.0
TA,113284,3.0
TA,36778,0.0
TA,220575,0.0
TA,362977,0.0
TA,312205,0.0
TA,2706,0.0
TA,51778,0.0
TA,51930,5.0
TA,62780,4.0
TA,404266,0.0
TA,460155,0.0
TA,385511,0.0
TA,333029,0.0
TA,51947,0.0
TA,572255,0.0
TA,257426,4.5
TA,37833,0.0
TA,209382,0.0
TA,45409,0.0
TA,242710,0.0
TA,390520,0.0
TA,265439,0.0
TA,93676,0.0
TA,2694,0.0
TA,51818,0.0
TA,424348,0.0
TA,259441,0.0
TA,51518,0.0
TA,2704,0.0
TA,51345,4.0
TA,52516,0.0
TA,444600,0.0
TA,27256,0.0
TA,226661,0.0
TA,51921,0.0
TA,41352,0.0
TA,226660,0.0
TA,209383,0.0
TA,268950,0.0
TA,682547,0.0
TA,26711,0.0
TA,114564,0.0
TA,149857,0.0
TA,86114,0.0
TA,51097,0.0
TA,397859,0.0
TA,371378,5.0
TA,326279,0.0
TA,95113,0.0
TA,171384,0.0
TA,117621,5.0
TA,51896,4.5
TA,560787,0.0
TA,34722,0.0
TA,353117,0.0
TA,459564,0.0
TA,51444,0.0
TA,51568,0.0
TA,406775,0.0
TA,88488,0.0
TA,438727,0.0
TA,734096,0.0
TA,293465,0.0
TA,542032,0.0
TA,323609,0.0
TA,240344,0.0
TA,251943,0.0
TA,484263,0.0
TA,721288,0.0
TA,348914,0.0
TA,426406,0.0
TA,475370,0.0
TA,598882,0.0
TA,474474,0.0
TA,586723,0.0
TA,465649,4.0
TA,242285,0.0
TA,521323,0.0
NB,45727,3.5
NB,464735,0.0
NB,51827,3.0
NB,855649,2.5
NB,1172787,3.0
NB,766759,3.0
NB,1113868,3.0
NB,625400,4.5
NB,842907,2.5
NB,49930,3.0
NB,51822,4.0
NB,51913,3.0
NB,45098,3.0
NB,50846,3.5
NB,2698,4.5
NB,1333498,3.0
NB,1046522,4.0
NB,40422,4.0
NB,958100,4.0
NB,51829,0.0
NB,48454,0.0
NB,47171,3.0
NB,50499,0.0
NB,45532,0.0
NB,44920,0.0
NB,45983,0.0
NB,1129199,3.0
NB,951277,5.0
NB,46414,4.0
NB,43989,4.5
NB,531316,3.5
NB,73367,4.0
NB,125830,4.0
NB,32847,4.0
NB,44320,5.0
NB,29108,5.0
NB,51362,3.5
NB,44542,4.5
NB,29110,4.5
NB,502622,3.0
NB,51422,4.0
NB,972109,4.0
NB,1115597,2.5
NB,39351,2.0
NB,38374,3.0
NB,1125397,3.5
NB,933381,4.0
NB,31363,4.5
NB,574595,4.5
NB,1127005,2.5
NB,543967,3.5
NB,51238,4.5
NB,957050,4.0
NB,1117926,3.0
NB,437050,1.0
NB,817977,4.0
NB,1090464,5.0
NB,51469,4.0
NB,157841,0.0
NB,51509,4.0
NB,45908,4.0
NB,992786,4.0
NB,270476,0.0
NB,980116,4.0
NB,1024562,3.0
NB,1277477,3.5
NB,470671,3.0
NB,1025047,4.0
NB,49810,0.0
NB,46108,0.0
NB,1037627,4.0
NB,503403,3.0
NB,47628,3.5
NB,1122691,4.0
NB,333029,4.0
NB,1116600,4.5
NB,46937,0.0
NB,1124701,4.0
NB,50509,4.5
NB,823648,3.5
NB,49889,4.0
NB,34618,3.0
NB,335384,4.5
NB,47751,3.5
NB,182142,4.0
NB,50995,4.0
NB,1116755,4.0
NB,51230,3.0
NB,620281,4.0
NB,51669,4.0
NB,1161806,2.5
NB,1042277,4.0
NB,1116321,4.0
NB,586583,3.0
NB,891291,4.0
NB,1068413,3.5
NB,901671,3.5
NB,1095718,3.5
NB,926589,4.5
NB,1168752,4.0
NB,1232156,3.5
NB,1013393,3.5
NB,1115874,5.0
NB,1065133,3.5
NB,51620,3.5
NB,51202,3.0
NB,959829,1.0
NB,51177,4.5
NB,50822,4.0
NB,471207,3.5
NB,1041957,4.0
NB,384058,3.5
NB,931976,4.0
NB,16714,3.5
NB,16774,3.0
NB,989125,3.5
NB,51355,5.0
NB,51717,4.0
NB,739451,4.5
NB,1059457,0.0
NB,913258,4.0
NB,51251,4.5
NB,834561,3.5
NB,1071196,4.5
NB,46549,4.0
NB,975393,4.0
NB,877608,1.0
NB,921578,1.5
NB,1010683,2.5
NB,359505,4.0
NB,51373,3.5
NB,478428,4.5
NB,997722,3.0
NB,337036,4.0
NB,216086,5.0
NB,992360,3.5
NB,877253,4.0
NB,43176,0.0
NB,50368,0.0
NB,51396,0.0
NB,486978,3.5
NB,1099925,4.0
NB,1025331,4.0
NB,979783,2.0
NB,51739,3.5
NB,44900,3.0
NB,51338,3.5
NB,838140,4.5
NB,922858,2.5
NB,959540,4.5
NB,818798,3.5
NB,102444,4.0
NB,927832,4.0
NB,51970,4.5
NB,315673,3.0
NB,51977,4.0
NB,60299,4.5
NB,51770,5.0
NB,51949,4.0
NB,682535,3.0
NB,438692,4.0
NB,36192,5.0
NB,51674,4.0
NB,49601,4.5
NB,52512,4.5
NB,51004,0.0
NB,45203,4.0
NB,850459,3.5
NB,43680,4.0
NB,50113,3.0
NB,1001285,3.0
NB,47914,4.0
NB,931164,2.5
NB,1110059,3.5
NB,51947,4.5
NB,45042,4.0
NB,51397,3.0
NB,51320,4.0
NB,49597,4.5
NB,51323,4.5
NB,124133,3.0
NB,44925,4.5
NB,48044,4.5
NB,51698,4.0
NB,45108,5.0
NB,51728,4.5
NB,370178,4.0
NB,494166,4.0
NB,112570,4.0
NB,109791,4.0
NB,51974,4.0
NB,45288,4.0
NB,877046,3.0
NB,47887,2.5
NB,41838,4.0
NB,842301,4.0
NB,834656,4.0
NB,51372,4.0
NB,42884,4.0
NB,705221,4.5
NB,31595,5.0
NB,717669,3.0
NB,31194,4.0
NB,51570,4.5
NB,51630,3.0
NB,739691,3.0
NB,696032,3.5
NB,578774,4.0
NB,69453,3.5
NB,919121,3.5
NB,840861,2.0
NB,1139529,3.5
NB,51471,4.0
NB,14327,4.0
NB,51987,4.5
NB,51184,3.5
NB,43582,3.0
NB,38625,3.5
NB,51536,3.5
NB,923207,2.5
NB,530397,2.5
NB,223418,3.0
NB,502183,3.0
NB,37004,5.0
NB,619510,3.0
NB,170062,4.0
NB,112956,4.5
NB,607371,2.0
NB,112957,4.0
NB,69813,4.0
NB,843415,3.5
NB,26587,3.0
NB,42428,3.5
NB,41751,4.0
NB,51922,4.5
NB,119222,0.0
NB,19291,0.0
NB,57596,0.0
NB,82657,0.0
NB,35451,0.0
NB,30565,0.0
NB,87085,0.0
NB,49225,0.0
NB,91838,0.0
NB,21202,0.0
NB,42656,0.0
NB,42336,0.0
NB,47307,0.0
NB,5016,0.0
NB,143875,0.0
NB,41238,0.0
NB,47326,0.0
NB,35513,0.0
NB,46032,0.0
NB,13816,0.0
NB,42216,0.0
NB,45985,0.0
NB,46345,0.0
NB,43099,0.0
NB,43389,0.0
NB,43402,0.0
NB,39382,0.0
NB,40680,0.0
NB,45716,0.0
NB,28949,0.0
NB,70355,0.0
NB,43565,0.0
NB,28675,0.0
NB,48259,0.0
NB,26713,4.5
NB,47570,3.0
NB,42478,3.0
NB,45130,4.0
NB,42613,4.0
NB,46157,4.0
NB,51969,4.0
NB,45944,4.5
NB,51700,5.0
NB,845043,2.5
NB,708596,2.5
NB,708458,3.0
NB,641162,2.5
NB,37503,0.0
NB,42994,0.0
NB,28195,4.5
NB,566202,2.0
NB,519052,4.0
NB,615424,2.5
NB,764890,4.0
NB,801074,3.5
NB,511000,3.0
NB,468564,3.5
NB,462573,4.0
NB,68956,3.5
NB,774532,4.0
NB,503632,3.5
NB,879229,4.0
NB,914639,4.0
NB,674137,3.0
NB,813840,4.0
NB,964035,3.5
NB,899037,4.5
NB,808726,2.5
NB,487538,3.5
NB,683620,3.5
NB,579216,4.0
NB,1109037,2.0
NB,666269,3.0
NB,715856,3.0
NB,878854,3.0
NB,810003,2.5
NB,892991,2.5
NB,954483,4.5
NB,744429,3.0
NB,513206,4.0
NB,1113198,3.0
NB,617443,5.0
NB,866259,2.5
NB,516192,3.5
NB,558806,4.0
NB,487135,3.5
NB,51994,4.0
NB,997481,2.5
NB,1007592,3.5
NB,1098156,3.5
NB,937951,3.5
NB,855073,3.5
NB,855064,2.5
NB,1027821,3.0
NB,977828,4.0
NB,1072347,2.5
NB,952812,4.0
NB,1058626,3.5
NB,978599,4.0
NB,1072381,3.0
NB,398800,4.5
NB,1087783,3.0
NB,865112,3.5
NB,829364,4.0
NB,874493,3.5
NB,1056488,2.5
NB,1080205,3.5
NB,806042,1.5
NB,954498,4.0
NB,406106,2.5
NB,749612,3.0
NB,38354,0.0
NB,36509,0.0
NB,38813,0.0
NB,38266,0.0
NB,36741,0.0
NB,36743,0.0
NB,43164,0.0
NB,40815,0.0
NB,43026,0.0
NB,21872,0.0
NB,37089,0.0
NB,44683,0.0
NB,51571,0.0
NB,46230,0.0
NB,46285,0.0
NB,46226,0.0
NB,47878,0.0
NB,46808,0.0
NB,12011,0.0
NB,29609,0.0
NB,45678,0.0
NB,26421,0.0
NB,28977,0.0
NB,9883,0.0
NB,25442,0.0
NB,28055,0.0
NB,97429,0.0
NB,40699,0.0
NB,46816,0.0
NB,44995,0.0
NB,40413,0.0
NB,49208,0.0
NB,40724,0.0
NB,43970,0.0
NB,45538,0.0
NB,37022,0.0
NB,35408,0.0
NB,43286,0.0
NB,48612,0.0
NB,45807,0.0
NB,6531,0.0
NB,42772,0.0
NB,45113,0.0
NB,48320,0.0
NB,44918,0.0
NB,47433,0.0
NB,50635,0.0
NB,50590,0.0
NB,47407,0.0
NB,48087,0.0
NB,48069,0.0
NB,48173,0.0
NB,46818,0.0
NB,48274,0.0
NB,44727,0.0
NB,46614,0.0
NB,46612,0.0
NB,46735,0.0
NB,45744,0.0
NB,43700,0.0
NB,43938,0.0
NB,42628,0.0
NB,43177,0.0
NB,44027,0.0
NB,46689,0.0
NB,38997,0.0
NB,44242,0.0
NB,44050,0.0
NB,43708,0.0
NB,40463,0.0
NB,39344,0.0
NB,43919,0.0
NB,591069,0.0
NB,43479,0.0
NB,333341,0.0
NB,45414,0.0
NB,43936,0.0
NB,16093,0.0
NB,354541,0.0
NB,51115,0.0
NB,264336,0.0
NB,598274,0.0
NB,497631,3.5
NB,475901,0.0
NB,434753,0.0
NB,48163,0.0
NB,46629,0.0
NB,45250,0.0
NB,42707,0.0
NB,46499,0.0
NB,44678,0.0
NB,49263,0.0
NB,44831,0.0
NB,44758,0.0
NB,47514,0.0
NB,45226,0.0
NB,49981,0.0
NB,51203,0.0
NB,50193,0.0
NB,42565,0.0
NB,51512,0.0
NB,49299,0.0
NB,46505,0.0
NB,51963,0.0
NB,51886,0.0
NB,51408,0.0
NB,45374,0.0
NB,49816,0.0
NB,45797,0.0
NB,40872,0.0
NB,46321,0.0
NB,45803,0.0
NB,30463,0.0
NB,47269,0.0
NB,44681,0.0
NB,22663,0.0
NB,41097,0.0
NB,47325,0.0
NB,45669,0.0
NB,48303,0.0
NB,46537,0.0
NB,51537,0.0
NB,717654,0.0
NB,677571,0.0
NB,529529,0.0
NB,476490,0.0
NB,474471,0.0
NB,433652,0.0
NB,805106,0.0
NB,736821,0.0
NB,693890,0.0
NB,407855,0.0
NB,850375,0.0
NB,493441,0.0
NB,544380,0.0
NB,518787,0.0
NB,333825,0.0
NB,551275,0.0
NB,686389,4.0
NB,709530,0.0
NB,574385,0.0
NB,629320,0.0
NB,558054,0.0
NB,868491,0.0
NB,379591,0.0
NB,499085,0.0
NB,424003,0.0
NB,636761,0.0
NB,450337,0.0
NB,793883,0.0
NB,515467,0.0
NB,530882,0.0
NB,565852,0.0
NB,369835,0.0
NB,45075,0.0
NB,57152,0.0
NB,97062,0.0
NB,16088,0.0
NB,40075,0.0
NB,159976,0.0
NB,10387,3.0
NB,117687,0.0
NB,46455,0.0
NB,15143,0.0
NB,5355,0.0
NB,57622,0.0
NB,146780,0.0
NB,28481,0.0
NB,56922,0.0
NB,283725,0.0
NB,51863,0.0
NB,438430,0.0
NB,37597,0.0
NB,377530,0.0
NB,55770,0.0
NB,159889,0.0
NB,23596,0.0
NB,135751,0.0
NB,5717,0.0
NB,61852,0.0
NB,60733,0.0
NB,15777,0.0
NB,52500,0.0
NB,384641,0.0
NB,291112,0.0
NB,37565,0.0
NB,161004,0.0
NB,95993,0.0
NB,66563,0.0
NB,252216,0.0
NB,26376,0.0
NB,92621,0.0
NB,205014,0.0
NB,1739,0.0
NB,185973,0.0
NB,38970,0.0
NB,465921,0.0
NB,248318,0.0
NB,30171,0.0
NB,7699,0.0
NB,211837,0.0
NB,319409,0.0
NB,452596,0.0
NB,371531,0.0
NB,117574,0.0
NB,25416,0.0
NB,37502,0.0
NB,8395,0.0
NB,23414,0.0
NB,443229,0.0
NB,87949,0.0
NB,125976,0.0
NB,269458,0.0
NB,268383,0.0
NB,63462,0.0
NB,185970,0.0
NB,20293,0.0
NB,37276,0.0
NB,330790,0.0
NB,351304,0.0
NB,387909,0.0
NB,444617,0.0
NB,431877,0.0
NB,158174,0.0
NB,76658,0.0
NB,5649,0.0
NB,46647,0.0
NB,28919,0.0
NB,26722,0.0
NB,46813,3.0
NB,46986,3.0
NB,530071,0.0
NB,23593,0.0
NB,225503,0.0
NB,44840,0.0
NB,356723,3.0
NB,839244,0.0
NB,572119,0.0
NB,278250,0.0
NB,182836,0.0
NB,27486,0.0
NB,35119,0.0
NB,46936,0.0
NB,317571,0.0
NB,181310,0.0
NB,107246,0.0
NB,46934,0.0
NB,46497,0.0
NB,81811,0.0
NB,47422,0.0
NB,17483,0.0
NB,45416,0.0
NB,220754,0.0
NB,26205,0.0
NB,69064,0.0
NB,87953,0.0
NB,331539,0.0
NB,4551,0.0
NB,14285,0.0
NB,11908,0.0
NB,153285,0.0
NB,221232,0.0
NB,14015,0.0
NB,34394,0.0
NB,351745,0.0
NB,23857,0.0
NB,234068,0.0
NB,13972,0.0
NB,7712,0.0
NB,366722,0.0
NB,107197,0.0
NB,140512,0.0
NB,19122,0.0
NB,16082,0.0
NB,178282,0.0
NB,180087,0.0
NB,203083,0.0
NB,333445,0.0
NB,14093,4.0
NB,378473,0.0
NB,350384,0.0
NB,99144,4.0
NB,15145,0.0
NB,330220,0.0
NB,371842,0.0
NB,123067,0.0
NB,309107,0.0
NB,46459,0.0
NB,62912,0.0
NB,19987,0.0
NB,498044,0.0
NB,62638,0.0
NB,123066,0.0
NB,87962,0.0
NB,26196,0.0
NB,144110,0.0
NB,198992,0.0
NB,50735,0.0
NB,98336,0.0
NB,8933,0.0
NB,206671,3.5
NB,268380,0.0
NB,444799,0.0
NB,86991,0.0
NB,272503,0.0
NB,16164,0.0
NB,15077,0.0
NB,467061,0.0
NB,117583,0.0
NB,307239,0.0
NB,15076,0.0
NB,338883,0.0
NB,16560,0.0
NB,9788,4.0
NB,83424,0.0
NB,94394,0.0
NB,220080,0.0
NB,157543,0.0
NB,37088,0.0
NB,354539,0.0
NB,129816,4.5
NB,223393,0.0
NB,172492,0.0
NB,58486,4.0
NB,268365,0.0
NB,69142,0.0
NB,106267,0.0
NB,10442,0.0
NB,326477,0.0
NB,147597,0.0
NB,379626,0.0
NB,135120,0.0
NB,281529,0.0
NB,4948,0.0
NB,23586,0.0
NB,183255,0.0
NB,248708,0.0
NB,16556,0.0
NB,87873,0.0
NB,422035,0.0
NB,96552,0.0
NB,431109,0.0
NB,397942,0.0
NB,273974,0.0
NB,57376,0.0
NB,20307,0.0
NB,239260,0.0
NB,8983,0.0
NB,16074,0.0
NB,277023,0.0
NB,57292,0.0
NB,258127,0.0
NB,142549,0.0
NB,261891,0.0
NB,322110,0.0
NB,169728,0.0
NB,92160,0.0
NB,37354,0.0
NB,16091,0.0
NB,39067,0.0
NB,283778,0.0
NB,26476,0.0
NB,283273,4.5
NB,225060,0.0
NB,44748,0.0
NB,4553,0.0
NB,99507,0.0
NB,62065,3.0
NB,16525,0.0
NB,278668,0.0
NB,387238,4.0
NB,99402,0.0
NB,358271,0.0
NB,4586,0.0
NB,69154,0.0
NB,37598,0.0
NB,197628,0.0
NB,104174,0.0
NB,26779,0.0
NB,340202,0.0
NB,182910,0.0
NB,193554,0.0
NB,279,0.0
NB,495969,3.5
NB,26770,0.0
NB,390039,0.0
NB,261866,0.0
NB,405545,0.0
NB,62822,0.0
NB,15051,0.0
NB,83215,0.0
NB,251661,0.0
NB,101990,0.0
NB,228628,0.0
NB,101991,0.0
NB,225027,0.0
NB,106262,0.0
NB,87948,0.0
NB,129662,0.0
NB,148200,0.0
NB,201909,0.0
NB,46511,0.0
NB,225026,0.0
NB,46456,0.0
NB,184061,0.0
NB,52513,0.0
NB,192410,0.0
NB,318195,0.0
NB,285,0.0
NB,131984,0.0
NB,435450,0.0
NB,216301,0.0
NB,50677,0.0
NB,44581,0.0
NB,25859,0.0
NB,50809,0.0
NB,323609,0.0
NB,83557,0.0
NB,316315,0.0
NB,226750,0.0
NB,44092,0.0
NB,27438,0.0
NB,45615,0.0
NB,45920,0.0
NB,50774,0.0
NB,48942,0.0
NB,41638,0.0
NB,51967,0.0
NB,51158,0.0
NB,29091,0.0
NB,45770,0.0
NB,26886,0.0
NB,43412,0.0
NB,45498,0.0
NB,45304,0.0
NB,41192,0.0
NB,46463,0.0
NB,43613,0.0
NB,47974,0.0
NB,45738,0.0
NB,46188,0.0
NB,46921,0.0
NB,47651,0.0
NB,46534,0.0
NB,45609,0.0
NB,43226,0.0
NB,44587,0.0
NB,44977,0.0
NB,50342,0.0
NB,47555,0.0
NB,46490,0.0
NB,45510,0.0
NB,43941,0.0
NB,47253,0.0
NB,46591,0.0
NB,43576,0.0
NB,46659,0.0
NB,45114,0.0
NB,50875,0.0
NB,46046,0.0
NB,44915,0.0
NB,30497,0.0
NB,29271,0.0
NB,46928,0.0
NB,48485,0.0
NB,50642,0.0
NB,50886,0.0
NB,47294,0.0
NB,37671,0.0
NB,42533,0.0
NB,43943,0.0
NB,45922,0.0
NB,49372,0.0
NB,51318,0.0
NB,46339,0.0
NB,46741,0.0
NB,47260,0.0
NB,46680,0.0
NB,44298,0.0
NB,47542,0.0
NB,46721,0.0
NB,45070,0.0
NB,42212,0.0
NB,38375,0.0
NB,47001,0.0
NB,49030,0.0
NB,44933,0.0
NB,45555,0.0
NB,46581,0.0
NB,47815,0.0
NB,50211,0.0
NB,43903,0.0
NB,43443,0.0
NB,44431,0.0
NB,45759,0.0
NB,46896,0.0
NB,50853,0.0
NB,49333,0.0
NB,50229,0.0
NB,45794,0.0
NB,47278,0.0
NB,50616,0.0
NB,47986,0.0
NB,47985,0.0
NB,45706,0.0
NB,48186,0.0
NB,46884,0.0
NB,46618,0.0
NB,44669,0.0
NB,45709,0.0
NB,47679,0.0
NB,51759,0.0
NB,46956,0.0
NB,46907,0.0
NB,50341,0.0
NB,46738,0.0
NB,41205,0.0
NB,50442,0.0
NB,40891,0.0
NB,43667,0.0
NB,46960,0.0
NB,46011,0.0
NB,43614,0.0
NB,50905,0.0
NB,36785,0.0
NB,37640,0.0
NB,50165,0.0
NB,46743,0.0
NB,47212,0.0
NB,46655,0.0
NB,48055,0.0
NB,46940,0.0
NB,44721,0.0
NB,26796,0.0
NB,46823,0.0
NB,45201,0.0
NB,50591,0.0
NB,49045,0.0
NB,42353,0.0
NB,49641,0.0
NB,47833,0.0
NB,45970,0.0
NB,46926,0.0
NB,45305,0.0
NB,50595,0.0
NB,45943,0.0
NB,50572,0.0
NB,47218,0.0
NB,39676,0.0
NB,50817,0.0
NB,51736,0.0
NB,43685,0.0
NB,47979,0.0
NB,46609,0.0
NB,44963,0.0
NB,46732,0.0
NB,48494,0.0
NB,45219,0.0
NB,45291,0.0
NB,51745,0.0
NB,43691,0.0
NB,47223,0.0
NB,46502,0.0
NB,47400,0.0
NB,44804,0.0
NB,50850,0.0
NB,48533,0.0
NB,42425,0.0
NB,49433,0.0
NB,46744,0.0
NB,45926,0.0
NB,47758,0.0
NB,44950,0.0
NB,45116,0.0
NB,49287,0.0
NB,47562,0.0
NB,50505,0.0
NB,51283,0.0
NB,50906,0.0
NB,50957,0.0
NB,47094,0.0
NB,45462,0.0
NB,46848,0.0
NB,50948,0.0
NB,47127,0.0
NB,46105,0.0
NB,49655,0.0
NB,50374,0.0
NB,46620,0.0
NB,49243,0.0
NB,47435,0.0
NB,48920,0.0
NB,51779,0.0
NB,45448,0.0
NB,50458,0.0
NB,40130,0.0
NB,44806,0.0
NB,46832,0.0
NB,46334,0.0
NB,50146,0.0
NB,47301,0.0
NB,46820,0.0
NB,44723,0.0
NB,50638,0.0
NB,50465,0.0
NB,51008,0.0
NB,46831,0.0
NB,45574,0.0
NB,50701,0.0
NB,51811,0.0
NB,51508,0.0
NB,47842,0.0
NB,50617,0.0
NB,47110,0.0
NB,46682,0.0
NB,27252,0.0
NB,50101,0.0
NB,48253,0.0
NB,45449,0.0
NB,47835,0.0
NB,44637,0.0
NB,51609,0.0
NB,45695,0.0
NB,46013,0.0
NB,43601,0.0
NB,51695,3.0
NB,47900,0.0
NB,47299,0.0
NB,49185,0.0
NB,50972,3.0
NB,48113,0.0
NB,49434,0.0
NB,44667,0.0
NB,43280,0.0
NB,46081,0.0
NB,50543,0.0
NB,47508,0.0
NB,48220,0.0
NB,51763,0.0
NB,47668,0.0
NB,40567,0.0
NB,43272,0.0
NB,48919,0.0
NB,47430,0.0
NB,45459,0.0
NB,50698,0.0
NB,47242,0.0
NB,44421,0.0
NB,47091,0.0
NB,45337,0.0
NB,51433,0.0
NB,47420,0.0
NB,50678,0.0
NB,46782,0.0
NB,47699,0.0
NB,51606,0.0
NB,47506,0.0
NB,51120,0.0
NB,46422,0.0
NB,51646,0.0
NB,50854,0.0
NB,51130,0.0
NB,49944,0.0
NB,43184,0.0
NB,36501,0.0
NB,51334,0.0
NB,38804,0.0
NB,37687,0.0
NB,50955,0.0
NB,47516,0.0
NB,47067,0.0
NB,43088,0.0
NB,46467,0.0
NB,47237,2.5
NB,48189,0.0
NB,50162,0.0
NB,49442,0.0
NB,46151,0.0
NB,47790,0.0
NB,45283,0.0
NB,46887,0.0
NB,44889,0.0
NB,50958,0.0
NB,51229,3.5
NB,50818,0.0
NB,41477,0.0
NB,46168,0.0
NB,47306,3.0
NB,51532,0.0
NB,46580,0.0
NB,50946,0.0
NB,50631,0.0
NB,45464,0.0
NB,50224,0.0
NB,47078,0.0
NB,51461,0.0
NB,45282,0.0
NB,46572,0.0
NB,48255,0.0
NB,51584,0.0
NB,46084,0.0
NB,46010,0.0
NB,41519,0.0
NB,51980,0.0
NB,47806,0.0
NB,47781,0.0
NB,40411,0.0
NB,45132,0.0
NB,45021,0.0
NB,48298,0.0
NB,50223,0.0
NB,47126,0.0
NB,44740,0.0
NB,51012,0.0
NB,47769,0.0
NB,46590,0.0
NB,50937,0.0
NB,41276,0.0
NB,46867,0.0
NB,46450,0.0
NB,45576,0.0
NB,51660,0.0
NB,47994,0.0
NB,48167,0.0
NB,49396,0.0
NB,50568,0.0
NB,46763,0.0
NB,45820,0.0
NB,49983,0.0
NB,43301,0.0
NB,51472,0.0
NB,46779,0.0
NB,51731,0.0
NB,51513,0.0
NB,51842,0.0
NB,60297,0.0
NB,46145,0.0
NB,46633,0.0
NB,50986,0.0
NB,46462,0.0
NB,37180,0.0
NB,43860,0.0
NB,46869,0.0
NB,46658,0.0
NB,51557,0.0
NB,50561,0.0
NB,47648,0.0
NB,46706,0.0
NB,47942,0.0
NB,51802,0.0
NB,48234,0.0
NB,43713,0.0
NB,51530,0.0
NB,50544,0.0
NB,49259,0.0
NB,27713,0.0
NB,45918,0.0
NB,47803,0.0
NB,51749,0.0
NB,48602,0.0
NB,44189,0.0
NB,51117,0.0
NB,51205,2.5
NB,46117,0.0
NB,50225,0.0
NB,51865,0.0
NB,51553,0.0
NB,51204,4.0
NB,47068,3.5
NB,51841,0.0
NB,27722,0.0
NB,47255,0.0
NB,48033,0.0
NB,47295,0.0
NB,51984,0.0
NB,50152,0.0
NB,38544,0.0
NB,46946,0.0
NB,49280,0.0
NB,51111,0.0
NB,47637,0.0
NB,43517,0.0
NB,48791,0.0
NB,37696,0.0
NB,45747,0.0
NB,51516,0.0
NB,50654,0.0
NB,44750,0.0
NB,42983,0.0
NB,50773,0.0
NB,50742,0.0
NB,49443,0.0
NB,46144,0.0
NB,51917,0.0
NB,49453,0.0
NB,51839,0.0
NB,46331,0.0
NB,40479,0.0
NB,48160,0.0
NB,27723,0.0
NB,51342,0.0
NB,49054,0.0
NB,48030,0.0
NB,46964,0.0
NB,48296,0.0
NB,46453,0.0
NB,51517,0.0
NB,44070,0.0
NB,40480,0.0
NB,50953,0.0
NB,48883,0.0
NB,50827,0.0
NB,51773,0.0
NB,51679,0.0
NB,50941,0.0
NB,47198,0.0
NB,51365,0.0
NB,51207,0.0
NB,51670,0.0
NB,51614,0.0
NB,49268,0.0
NB,45065,0.0
NB,47553,0.0
NB,46715,0.0
NB,50717,0.0
NB,51989,0.0
NB,27809,0.0
NB,45959,0.0
NB,51875,0.0
NB,39352,0.0
NB,50950,0.0
NB,49568,0.0
NB,51233,0.0
NB,51932,0.0
NB,51559,0.0
NB,50710,0.0
NB,39305,0.0
NB,45120,0.0
NB,51696,0.0
NB,47469,0.0
NB,51385,0.0
NB,51449,0.0
NB,50709,0.0
NB,46979,0.0
NB,46441,0.0
NB,43620,0.0
NB,375612,0.0
NB,38818,0.0
NB,46795,0.0
NB,22216,0.0
NB,46992,0.0
NB,45357,0.0
NB,43086,0.0
NB,44441,0.0
NB,47168,0.0
NB,48452,0.0
NB,45133,0.0
NB,46982,0.0
NB,42468,0.0
NB,47329,0.0
NB,48185,0.0
NB,46789,0.0
NB,41874,0.0
NB,46989,0.0
NB,45691,0.0
NB,38641,0.0
NB,51730,0.0
NB,47150,0.0
NB,47551,0.0
NB,44994,0.0
NB,50907,0.0
NB,49636,0.0
NB,51264,0.0
NB,47280,0.0
NB,47267,0.0
NB,47143,0.0
NB,45795,0.0
NB,49921,0.0
NB,45353,0.0
NB,42794,0.0
NB,46423,0.0
NB,46239,0.0
NB,45197,0.0
NB,45522,0.0
NB,46071,0.0
NB,51586,0.0
NB,47933,0.0
NB,47513,0.0
NB,47235,0.0
NB,49311,0.0
NB,47026,0.0
NB,43868,0.0
NB,51224,0.0
NB,46990,0.0
NB,47319,0.0
NB,46012,0.0
NB,34146,0.0
NB,45078,0.0
NB,40022,0.0
NB,47252,0.0
NB,45523,0.0
NB,45379,0.0
NB,46875,0.0
NB,45686,0.0
NB,47511,0.0
NB,44875,0.0
NB,45079,0.0
NB,50557,0.0
NB,51460,0.0
NB,45444,0.0
NB,50164,0.0
NB,46133,0.0
NB,43018,0.0
NB,51416,0.0
NB,45699,0.0
NB,42101,0.0
NB,49524,0.0
NB,47014,0.0
NB,47582,0.0
NB,47411,0.0
NB,50156,0.0
NB,50155,4.0
NB,45339,0.0
NB,51335,0.0
NB,51573,0.0
NB,47552,0.0
NB,47747,0.0
NB,50111,0.0
NB,48322,0.0
NB,46512,0.0
NB,51975,0.0
NB,49638,0.0
NB,46987,0.0
NB,50916,0.0
NB,49922,0.0
NB,51678,0.0
NB,51294,0.0
NB,47153,0.0
NB,47888,3.0
NB,51677,0.0
NB,46231,0.0
NB,51273,0.0
NB,46127,0.0
NB,51336,0.0
NB,47109,0.0
NB,47705,0.0
NB,27730,0.0
NB,50521,0.0
NB,46142,0.0
NB,51364,0.0
NB,50158,0.0
NB,50349,0.0
NB,51732,0.0
NB,27285,0.0
NB,51496,0.0
NB,51709,0.0
NB,46229,0.0
NB,51298,0.0
NB,51856,0.0
NB,47111,0.0
NB,51647,0.0
NB,44838,0.0
NB,45855,0.0
NB,49454,0.0
NB,51380,0.0
NB,50159,0.0
NB,49671,0.0
NB,50711,0.0
NB,333203,0.0
NB,263222,0.0
NB,268192,0.0
NB,114605,0.0
NB,56522,0.0
NB,69149,0.0
NB,20908,0.0
NB,21050,0.0
NB,37609,0.0
NB,37648,0.0
NB,46510,0.0
NB,49075,0.0
NB,48051,0.0
NB,49391,0.0
NB,49784,0.0
NB,51692,0.0
NB,51909,0.0
NB,50207,0.0
NB,49318,0.0
NB,49846,0.0
NB,47003,0.0
NB,51814,0.0
NB,51805,0.0
NB,48514,0.0
NB,51245,0.0
NB,51289,0.0
NB,333448,0.0
NB,45204,0.0
NB,51343,0.0
NB,41360,0.0
NB,882786,0.0
NB,807297,0.0
NB,419873,0.0
NB,423479,0.0
NB,439878,0.0
NB,471392,0.0
NB,441860,0.0
NB,366346,0.0
NB,470549,0.0
NB,399523,0.0
NB,380998,0.0
NB,330717,0.0
NB,271436,0.0
NB,407931,0.0
NB,383334,0.0
NB,283264,0.0
NB,371125,0.0
NB,307298,0.0
NB,361915,0.0
NB,269474,0.0
NB,180398,0.0
NB,346950,0.0
NB,283039,0.0
NB,285853,0.0
NB,229584,0.0
NB,259395,0.0
NB,173665,0.0
NB,201037,0.0
NB,211964,0.0
NB,171366,0.0
NB,95990,0.0
NB,97637,0.0
NB,370451,0.0
NB,330810,0.0
NB,198626,0.0
NB,132365,0.0
NB,519091,0.0
NB,228946,0.0
NB,217616,0.0
NB,263219,0.0
NB,236119,0.0
NB,172361,0.0
NB,96109,0.0
NB,415209,0.0
NB,149802,0.0
NB,278198,0.0
NB,221837,0.0
NB,117868,0.0
NB,493722,0.0
NB,171224,0.0
NB,171006,0.0
NB,707114,0.0
NB,420473,0.0
NB,263217,0.0
NB,351914,0.0
NB,166717,0.0
NB,117581,0.0
NB,699298,0.0
NB,157807,0.0
NB,79893,0.0
NB,269597,0.0
NB,263204,0.0
NB,331187,0.0
NB,753296,0.0
NB,174410,0.0
NB,277413,0.0
NB,422181,0.0
NB,169106,0.0
NB,277752,0.0
NB,176368,0.0
NB,251042,0.0
NB,488399,0.0
NB,359565,0.0
NB,132034,0.0
NB,503890,0.0
NB,333310,0.0
NB,342220,0.0
NB,173771,0.0
NB,449442,0.0
NB,361725,0.0
NB,908144,0.0
NB,390610,0.0
NB,451512,0.0
NB,269896,0.0
NB,438272,0.0
NB,485212,0.0
NB,508990,0.0
NB,510047,0.0
NB,485519,0.0
NB,542449,0.0
NB,511342,0.0
NB,541425,0.0
NB,696630,0.0
NB,266676,0.0
NB,527841,0.0
NB,479814,0.0
NB,679291,0.0
NB,494969,0.0
NB,457180,0.0
NB,496592,0.0
NB,641086,0.0
NB,524592,0.0
NB,305964,0.0
NB,441471,0.0
NB,541998,0.0
NB,638640,0.0
NB,868135,0.0
NB,848522,0.0
NB,868565,0.0
NB,873799,0.0
NB,896378,0.0
NB,930946,0.0
NB,877249,0.0
NB,939839,0.0
NB,800760,0.0
NB,820501,0.0
NB,761036,0.0
NB,832419,0.0
NB,938865,0.0
NB,832240,0.0
NB,820065,0.0
NB,819863,0.0
NB,905001,0.0
NB,820098,0.0
NB,738427,0.0
NB,781326,0.0
NB,242285,0.0
NB,488592,0.0
NB,484263,0.0
NB,438727,0.0
NB,675372,0.0
NB,523109,0.0
NB,822333,0.0
NB,703943,0.0
NB,609761,0.0
NB,739399,0.0
NB,731286,0.0
NB,228594,0.0
NB,637929,0.0
NB,696310,0.0
NB,435460,0.0
NB,734096,0.0
NB,427970,0.0
NB,542032,0.0
NB,16530,0.0
NB,51656,0.0
NB,51887,0.0
NB,96557,0.0
NB,51554,0.0
NB,86114,0.0
NB,40100,0.0
NB,47219,0.0
NB,51084,0.0
NB,51936,0.0
NB,49007,0.0
NB,51962,0.0
NB,51890,0.0
NB,310705,0.0
NB,46001,0.0
NB,359859,0.0
NB,49931,0.0
NB,51689,0.0
NB,47577,0.0
NB,47586,0.0
NB,1086,0.0
NB,420451,0.0
NB,50718,0.0
NB,51490,0.0
NB,42706,0.0
NB,51157,0.0
NB,680635,0.0
NB,44594,4.0
NB,6166,0.0
NB,42800,0.0
NB,721288,0.0
NB,51804,0.0
NB,47867,0.0
NB,90896,0.0
NB,69151,0.0
NB,812015,0.0
NB,32347,0.0
NB,70105,0.0
NB,508246,0.0
NB,51602,0.0
NB,49530,0.0
NB,328538,0.0
NB,74348,0.0
NB,43940,0.0
NB,44808,0.0
NB,46998,0.0
NB,51662,0.0
NB,51302,0.0
NB,47169,0.0
NB,51503,0.0
NB,51296,0.0
NB,45485,0.0
NB,46551,0.0
NB,178123,0.0
NB,51533,0.0
NB,493697,0.0
NB,105188,0.0
NB,362362,0.0
NB,45631,0.0
NB,160497,0.0
NB,46794,0.0
NB,50017,0.0
NB,51905,0.0
NB,51682,0.0
NB,46622,0.0
NB,47809,0.0
NB,261108,0.0
NB,432004,0.0
NB,207224,0.0
NB,51339,0.0
NB,51889,0.0
NB,51527,0.0
NB,50947,0.0
NB,44768,0.0
NB,46753,0.0
NB,46040,0.0
NB,47119,0.0
NB,51206,4.0
NB,50904,0.0
NB,146954,0.0
NB,50517,0.0
NB,49210,4.0
NB,47122,0.0
NB,263221,0.0
NB,47254,0.0
NB,50991,0.0
NB,46037,0.0
NB,45667,0.0
NB,508037,0.0
NB,44965,0.0
NB,6945,0.0
NB,47778,0.0
NB,45220,0.0
NB,47098,0.0
NB,42531,0.0
NB,50226,4.0
NB,48023,0.0
NB,51514,0.0
NB,51519,0.0
NB,40860,0.0
NB,22878,0.0
NB,258128,4.0
NB,51370,0.0
NB,51944,4.0
NB,131987,0.0
NB,48106,0.0
NB,51227,0.0
NB,312203,0.0
NB,47270,0.0
NB,227784,0.0
NB,51520,0.0
NB,41012,0.0
NB,51976,0.0
NB,211511,0.0
NB,6599,0.0
NB,16529,0.0
NB,187986,0.0
NB,88488,0.0
NB,51281,0.0
NB,105183,4.5
NB,51555,0.0
NB,46911,0.0
NB,503402,4.5
NB,754441,0.0
NB,453069,0.0
NB,265433,0.0
NB,755564,0.0
NB,595029,0.0
NB,822093,0.0
NB,51340,0.0
NB,15620,0.0
NB,46280,0.0
NB,51914,0.0
NB,33853,0.0
NB,48571,0.0
NB,51494,5.0
NB,2695,0.0
NB,51821,0.0
NB,51838,0.0
NB,186549,0.0
NB,51848,0.0
NB,51935,0.0
NB,187975,0.0
NB,291419,0.0
NB,46460,0.0
NB,51470,0.0
NB,45312,0.0
NB,44580,0.0
NB,44042,0.0
NB,51781,0.0
NB,291610,0.0
NB,51400,0.0
NB,51390,0.0
NB,51047,0.0
NB,527671,0.0
NB,51817,0.0
NB,51961,0.0
NB,51526,0.0
NB,50712,0.0
NB,46458,0.0
NB,51965,0.0
NB,45493,0.0
NB,51495,0.0
NB,44558,0.0
NB,51672,0.0
NB,51776,0.0
NB,51613,0.0
NB,51295,0.0
NB,51666,0.0
NB,695473,0.0
NB,509662,0.0
NB,333308,0.0
NB,62671,0.0
NB,61707,0.0
NB,44741,0.0
NB,44613,0.0
NB,51042,0.0
NB,50902,0.0
NB,51979,0.0
NB,50960,0.0
NB,51648,0.0
NB,51952,5.0
NB,51855,0.0
NB,51671,0.0
NB,51539,0.0
NB,51705,0.0
NB,51090,0.0
NB,51600,0.0
NB,51816,0.0
NB,42580,0.0
NB,50826,0.0
NB,51382,0.0
NB,47204,3.5
NB,50987,0.0
NB,80198,0.0
NB,51226,0.0
NB,51358,0.0
NB,18527,0.0
NB,241052,0.0
NB,51388,0.0
NB,222298,0.0
NB,51386,0.0
NB,50675,0.0
NB,51708,0.0
NB,51881,4.0
NB,51549,0.0
NB,51125,0.0
NB,436873,0.0
NB,44096,0.0
NB,60298,0.0
NB,48049,0.0
NB,31985,0.0
NB,330912,0.0
NB,46330,0.0
NB,51405,0.0
NB,424348,0.0
NB,51542,0.0
NB,220556,0.0
NB,47048,0.0
NB,51407,5.0
NB,49455,0.0
NB,51387,0.0
NB,172537,0.0
NB,51445,5.0
NB,845706,0.0
NB,51155,0.0
NB,710352,3.5
NB,81605,0.0
NB,49390,0.0
NB,542773,0.0
NB,591053,0.0
NB,47677,0.0
NB,543002,0.0
NB,703478,0.0
NB,51712,0.0
NB,819648,0.0
NB,51147,5.0
NB,51578,4.5
NB,51452,0.0
NB,82488,4.0
NB,358222,0.0
NB,51450,0.0
NB,51454,0.0
NB,51784,0.0
NB,51560,0.0
NB,81909,0.0
NB,237177,0.0
NB,47776,0.0
NB,668555,0.0
NB,51898,0.0
NB,51535,0.0
NB,172076,0.0
NB,51929,5.0
NB,107418,0.0
NB,398009,0.0
NB,16550,0.0
NB,2705,0.0
NB,51714,5.0
NB,51381,0.0
NB,51972,0.0
NB,51610,0.0
NB,731222,0.0
NB,51344,0.0
NB,46806,0.0
NB,194402,0.0
NB,42779,0.0
NB,209381,0.0
NB,51928,5.0
NB,50659,4.5
NB,47756,0.0
NB,50825,0.0
NB,51290,0.0
NB,51733,0.0
NB,422682,0.0
NB,51484,0.0
NB,51561,0.0
NB,209322,0.0
NB,379687,0.0
NB,506032,0.0
NB,853822,0.0
NB,51973,4.0
NB,50713,0.0
NB,169907,0.0
NB,110740,0.0
NB,276819,0.0
NB,50518,0.0
NB,868558,0.0
NB,641961,0.0
NB,48140,0.0
NB,39350,0.0
NB,51453,0.0
NB,598882,0.0
NB,680358,0.0
NB,46049,0.0
NB,36778,0.0
NB,49062,0.0
NB,310199,0.0
NB,362977,0.0
NB,39304,0.0
NB,59281,0.0
NB,51451,0.0
NB,51379,0.0
NB,312205,0.0
NB,404266,0.0
NB,45994,0.0
NB,62780,0.0
NB,220575,0.0
NB,51621,4.5
NB,385511,0.0
NB,460155,0.0
NB,51945,0.0
NB,51383,0.0
NB,113284,0.0
NB,43302,0.0
NB,209382,0.0
NB,293465,0.0
NB,51524,5.0
NB,51910,0.0
NB,438511,0.0
NB,2706,0.0
NB,242710,0.0
NB,379711,0.0
NB,433863,0.0
NB,63058,0.0
NB,390520,0.0
NB,71338,0.0
NB,285509,0.0
NB,51930,5.0
NB,51778,0.0
NB,49047,0.0
NB,572255,0.0
NB,265439,0.0
NB,257426,0.0
NB,46344,0.0
NB,93676,0.0
NB,444600,0.0
NB,50558,0.0
NB,209383,0.0
NB,51518,0.0
NB,45409,0.0
NB,2694,0.0
NB,37833,0.0
NB,114564,0.0
NB,51818,0.0
NB,26711,0.0
NB,268950,0.0
NB,52516,0.0
NB,682547,0.0
NB,51782,5.0
NB,51345,5.0
NB,2704,0.0
NB,226660,0.0
NB,259441,0.0
NB,20956,0.0
NB,226661,0.0
NB,586723,0.0
NB,41352,0.0
NB,2683,0.0
NB,397859,0.0
NB,51432,0.0
NB,371378,5.0
NB,149857,0.0
NB,51921,0.0
NB,835774,0.0
NB,521323,0.0
NB,51097,0.0
NB,326279,0.0
NB,27256,0.0
NB,560787,0.0
NB,95113,5.0
NB,34722,5.0
NB,51896,0.0
NB,459564,0.0
NB,784328,0.0
NB,353117,0.0
NB,171384,0.0
NB,240344,0.0
NB,51444,0.0
NB,348914,0.0
NB,475370,0.0
NB,251943,0.0
NB,117621,5.0
NB,406775,0.0
NB,51568,0.0
NB,474474,5.0
MF,86114,3.0
MF,51536,2.0
MF,46813,3.5
MF,49671,3.5
MF,51905,4.0
MF,46911,4.5
MF,51984,4.0
MF,45409,3.0
MF,50960,2.5
MF,1116600,4.5
MF,51640,4.5
MF,972267,0.0
MF,852531,4.0
MF,562151,4.5
MF,1103896,4.0
MF,1042703,3.0
MF,1042711,4.0
MF,1043418,3.5
MF,1182365,4.0
MF,1168752,3.5
MF,1098317,4.5
MF,999311,4.0
MF,1065133,3.5
MF,1095718,3.5
MF,717471,3.5
MF,1161806,4.0
MF,879749,3.5
MF,1098329,4.5
MF,1116321,1.0
MF,1115874,4.5
MF,1098332,3.5
MF,1164440,3.5
MF,850459,2.5
MF,936040,3.5
MF,1041957,5.0
MF,1008715,4.0
MF,1086233,3.0
MF,1044846,4.0
MF,1232156,3.5
MF,957324,3.0
MF,891291,3.5
MF,838140,3.5
MF,901671,4.5
MF,1066919,4.0
MF,359505,4.0
MF,926589,3.5
MF,772230,2.5
MF,739451,3.5
MF,800858,2.0
MF,478428,4.5
MF,959829,4.0
MF,1098324,4.5
MF,704155,4.0
MF,834561,3.5
MF,806907,2.5
MF,586583,3.5
MF,433863,2.5
MF,1068413,3.5
MF,921578,3.0
MF,948851,4.0
MF,571116,4.0
MF,48883,2.5
MF,45959,5.0
MF,43940,4.0
MF,559025,3.5
MF,50766,4.0
MF,1247323,3.5
MF,955184,1.5
MF,1045115,4.0
MF,877608,2.5
MF,486978,3.5
MF,337036,5.0
MF,51494,4.5
MF,887650,4.0
MF,877253,3.5
MF,913258,4.0
MF,1071196,4.5
MF,959540,5.0
MF,991786,3.5
MF,542001,2.5
MF,578774,4.0
MF,834656,4.0
MF,51970,4.5
MF,47809,4.0
MF,49047,5.0
MF,4586,3.0
MF,731222,2.5
MF,48160,3.0
MF,113284,4.0
MF,47420,4.0
MF,667550,3.0
MF,51974,4.0
MF,877046,3.0
MF,705221,4.0
MF,51518,4.0
MF,62780,4.0
MF,842301,4.0
MF,2683,2.5
MF,49391,3.5
MF,758397,2.5
MF,169907,3.0
MF,50717,3.5
MF,47599,2.5
MF,15077,2.0
MF,15076,2.0
MF,37088,2.0
MF,40480,4.0
MF,50674,4.5
MF,69151,4.0
MF,41360,3.0
MF,14015,4.0
MF,379591,3.0
MF,50937,4.0
MF,43088,3.5
MF,42580,4.5
MF,47790,4.0
MF,46884,2.5
MF,48153,2.5
MF,49131,3.5
MF,515467,4.5
MF,49983,4.0
MF,399500,4.0
MF,477863,3.0
MF,37597,3.0
MF,23414,3.5
MF,113380,3.0
MF,46990,3.5
MF,51006,3.0
MF,48452,3.0
MF,48322,5.0
MF,40130,3.0
MF,28481,2.5
MF,15145,2.5
MF,10442,2.5
MF,49280,3.0
MF,390264,2.5
MF,48255,3.0
MF,47758,4.0
MF,40479,3.0
MF,51602,2.5
MF,46422,3.0
MF,46946,4.0
MF,46753,3.5
MF,50773,3.5
MF,45464,3.5
MF,45943,3.5
MF,46794,4.5
MF,15051,4.5
MF,42706,3.0
MF,311894,4.0
MF,46551,4.0
MF,333283,2.5
MF,50953,5.0
MF,51601,4.5
MF,49816,4.0
MF,46331,3.5
MF,310705,3.0
MF,435450,3.5
MF,46942,1.5
MF,966990,2.0
MF,695488,3.5
MF,519052,3.5
MF,639559,3.0
MF,524592,2.0
MF,441471,1.5
MF,527841,1.5
MF,641086,1.5
MF,541998,2.5
MF,679291,2.0
MF,572255,2.5
MF,695473,2.5
MF,696630,3.0
MF,638640,2.0
MF,868135,3.0
MF,848522,3.5
MF,868565,4.0
MF,873799,3.5
MF,664327,2.5
MF,896378,3.5
MF,930946,3.0
MF,877249,2.0
MF,939839,2.5
MF,938865,4.0
MF,800760,2.5
MF,820501,3.0
MF,761036,5.0
MF,832419,2.0
MF,781326,5.0
MF,438727,3.0
MF,508037,3.0
MF,427970,1.0
MF,542032,1.0
MF,435460,3.0
MF,703478,2.5
MF,721288,1.5
MF,598882,3.0
MF,696310,2.5
MF,16530,3.0
MF,404266,3.5
MF,510047,5.0
MF,335384,2.5
MF,323609,5.0
MF,466291,4.5
MF,432004,5.0
MF,734096,2.5
MF,139795,4.5
MF,51898,3.0
MF,90896,3.0
MF,328538,3.0
MF,46715,3.5
MF,46998,3.0
MF,51945,3.0
MF,27256,3.0
MF,46460,4.0
MF,45994,3.0
MF,560787,3.5
MF,50518,3.5
MF,48051,4.5
MF,46049,4.5
MF,51929,4.0
MF,444600,4.5
MF,384058,3.0
MF,47776,3.5
MF,96083,4.5
MF,47469,4.0
MF,51712,3.0
MF,47169,3.5
MF,50226,4.0
MF,406775,3.0
MF,45667,3.5
MF,2706,4.0
MF,353117,4.0
MF,82488,4.0
MF,51485,4.0
MF,39350,4.5
MF,51451,4.0
MF,277,5.0
MF,25859,5.0
MF,312205,4.5
MF,51524,5.0
MF,50558,3.0
MF,475370,4.5
MF,52516,3.0
MF,96557,5.0
MF,149857,3.0
MF,50709,3.0
MF,257426,4.5
MF,51930,5.0
MF,45120,5.0
MF,348914,4.5
MF,2704,3.0
MF,50713,4.0
MF,51928,4.0
MF,868558,4.5
MF,51621,4.5
MF,326279,5.0
MF,95113,3.0
MF,20956,3.5
MF,34722,3.5
MF,333029,5.0
MF,42779,3.0
MF,46344,3.0
MF,71338,3.0
MF,49390,5.0
MF,51921,3.0
MF,251943,4.5
MF,51896,4.5
MF,426406,3.5
MF,51846,3.5
MF,259441,5.0
MF,171384,4.0
MF,51568,4.0
MF,240344,4.5
MF,206671,3.0
MF,51138,3.5
MF,117621,3.5
MF,305363,2.0
MF,26722,2.0
MF,94394,3.5
MF,187986,3.5
MF,49243,3.0
MF,4948,4.0
MF,977828,4.0
MF,874493,2.5
MF,1056488,1.5
MF,829364,3.0
MF,1072381,2.5
MF,1087783,2.5
MF,1072347,1.0
MF,978599,4.0
MF,1058626,3.0
MF,855064,2.0
MF,937951,3.0
MF,855073,2.5
MF,1027821,3.0
MF,1098156,2.0
MF,617443,5.0
MF,754441,3.0
MF,952812,4.0
MF,371378,4.5
MF,591053,4.5
MF,438692,3.0
MF,1071926,4.5
MF,1046227,4.0
MF,895290,4.0
MF,497631,4.5
MF,878854,3.0
MF,795897,3.0
MF,784328,4.0
MF,277064,5.0
MF,919121,4.0
MF,822093,3.5
MF,674137,2.0
MF,619510,2.0
MF,845706,4.0
MF,710352,3.5
MF,398009,4.0
MF,755564,4.5
MF,398800,4.0
MF,764890,4.0
MF,598274,3.0
MF,706083,3.0
MF,835774,2.0
MF,293465,4.0
MF,242285,3.0
MF,647008,4.0
MF,484263,4.5
MF,474474,4.5
MF,63058,4.0
MF,586723,3.5
MF,521323,2.0
KH,470671,0.0
KH,1116600,4.0
KH,503403,0.0
KH,1297861,0.0
KH,989651,0.0
KH,975764,0.0
KH,41469,0.0
KH,1017162,0.0
KH,1037631,0.0
KH,954972,0.0
KH,1122691,0.0
KH,887653,0.0
KH,1162634,0.0
KH,49390,0.0
KH,51533,0.0
KH,620281,0.0
KH,1133530,0.0
KH,229981,0.0
KH,1138997,0.0
KH,1128116,0.0
KH,1081017,0.0
KH,1089695,0.0
KH,1268331,0.0
KH,1025331,0.0
KH,739451,4.0
KH,901671,3.5
KH,1071196,0.0
KH,43882,0.0
KH,877253,3.5
KH,1068413,3.0
KH,478428,4.0
KH,926589,4.5
KH,854687,0.0
KH,51188,0.0
KH,890105,0.0
KH,717471,0.0
KH,1155565,0.0
KH,977172,0.0
KH,1045115,0.0
KH,1041957,4.5
KH,1095718,0.0
KH,531122,0.0
KH,756042,0.0
KH,1164440,4.5
KH,897865,2.0
KH,1122351,3.5
KH,1090464,5.0
KH,989125,3.0
KH,359505,4.0
KH,891291,3.5
KH,877608,2.0
KH,823967,0.0
KH,516802,2.5
KH,1066919,4.0
KH,651226,0.0
KH,48894,0.0
KH,752626,0.0
KH,586583,4.0
KH,41361,0.0
KH,48532,0.0
KH,905876,2.0
KH,997722,3.0
KH,806907,2.5
KH,986257,1.5
KH,486978,3.5
KH,1118310,1.5
KH,900776,2.5
KH,1271438,3.0
KH,1173423,1.0
KH,838140,3.5
KH,337036,4.5
KH,1118786,3.5
KH,50684,0.0
KH,309555,0.0
KH,921578,3.0
KH,48478,0.0
KH,959540,4.5
KH,989760,2.5
KH,992360,3.0
KH,639707,0.0
KH,777979,3.0
KH,991786,4.0
KH,44389,0.0
KH,622413,3.0
KH,1010683,4.0
KH,1098320,4.0
KH,1041160,0.0
KH,47386,0.0
KH,823648,2.5
KH,852531,4.5
KH,50442,0.0
KH,47029,0.0
KH,935149,3.0
KH,908689,2.0
KH,972267,2.0
KH,948851,3.0
KH,462870,3.0
KH,878535,2.0
KH,641608,3.0
KH,50163,0.0
KH,922858,2.0
KH,565655,2.0
KH,889178,2.0
KH,44942,0.0
KH,48231,0.0
KH,758173,4.0
KH,871041,0.0
KH,682535,3.0
KH,45191,0.0
KH,567926,0.0
KH,916923,1.0
KH,542019,1.5
KH,908327,0.0
KH,928261,3.0
KH,900506,3.5
KH,877046,3.0
KH,705221,3.5
KH,667550,2.5
KH,105183,0.0
KH,758397,2.5
KH,45958,0.0
KH,910918,2.0
KH,861250,0.0
KH,1001285,2.5
KH,842301,4.0
KH,683451,0.0
KH,918603,1.0
KH,895007,2.5
KH,449442,3.5
KH,487538,0.0
KH,674137,1.5
KH,865112,0.0
KH,617443,4.5
KH,911169,0.0
KH,1109730,0.0
KH,1111567,4.0
KH,758230,0.0
KH,952812,0.0
KH,822093,0.0
KH,560697,0.0
KH,647008,0.0
KH,647760,0.0
KH,542773,0.0
KH,542001,0.0
KH,591053,5.0
KH,917889,0.0
KH,914055,2.5
KH,536970,0.0
KH,736961,0.0
KH,806042,0.0
KH,792783,2.0
KH,949011,3.0
KH,913258,4.0
KH,1078144,0.0
KH,819429,2.5
KH,708499,0.0
KH,715514,2.0
KH,879566,0.0
KH,680437,2.0
KH,817403,0.0
KH,710073,0.0
KH,895290,4.0
KH,882718,0.0
KH,1046227,0.0
KH,877360,0.0
KH,887650,3.5
KH,878854,0.0
KH,966990,3.0
KH,706083,0.0
KH,967012,0.0
KH,710352,4.0
KH,598274,0.0
KH,270476,0.0
KH,754441,0.0
KH,717654,0.0
KH,755564,4.5
KH,919121,3.5
KH,398009,0.0
KH,436948,0.0
KH,619510,3.5
KH,835774,3.0
KH,965346,0.0
KH,666925,0.0
KH,283829,3.0
KH,731222,4.0
KH,900356,0.0
KH,483951,4.0
KH,1030258,1.0
KH,795897,0.0
KH,542005,0.0
KH,835417,0.0
KH,831196,0.0
KH,235480,0.0
KH,778117,0.0
KH,277064,4.5
KH,784328,4.0
KH,827380,0.0
KH,51205,0.0
KH,9788,0.0
KH,51206,0.0
KH,503402,0.0
KH,415208,0.0
KH,847622,0.0
KH,754824,1.0
KH,265433,0.0
KH,592318,0.0
KH,668555,0.0
KH,225845,0.0
KH,497631,0.0
KH,868491,0.0
KH,801074,0.0
KH,915235,0.0
KH,717863,0.0
KH,566237,0.0
KH,379711,0.0
KH,379591,0.0
KH,522405,2.0
KH,320481,0.0
KH,424003,0.0
KH,761379,0.5
KH,320000,0.0
KH,780724,1.0
KH,715856,0.0
KH,985444,4.0
KH,575258,3.0
KH,946607,3.5
KH,837589,0.0
KH,564996,0.0
KH,649188,2.5
KH,789276,0.0
KH,781166,0.0
KH,626795,0.0
KH,839244,3.5
KH,530882,0.0
KH,318913,0.0
KH,266628,0.0
KH,523109,0.0
KH,753106,0.0
KH,809395,0.0
KH,598882,0.0
KH,63058,0.0
KH,586723,0.0
KH,718296,0.0
KH,846536,0.0
KH,744480,0.0
KH,803787,0.0
KH,841926,0.0
KH,779714,0.0
KH,719611,0.0
KH,839734,0.0
KH,775340,0.0
KH,666928,0.0
KH,822180,0.0
KH,687640,0.0
KH,733404,0.0
KH,905752,0.0
KH,451559,0.0
KH,746599,0.0
KH,559025,0.0
KH,722509,0.0
KH,698765,0.0
KH,605262,0.0
KH,717541,0.0
KH,717244,0.0
KH,760781,0.0
KH,737155,0.0
KH,748679,0.0
KH,718295,0.0
KH,568678,0.0
KH,354541,0.0
KH,753678,0.0
KH,620665,0.0
KH,434913,0.0
KH,574385,0.0
KH,706064,0.0
KH,435460,0.0
KH,268371,0.0
KH,521323,0.0
KH,675372,0.0
KH,833761,0.0
KH,744826,0.0
KH,868558,5.0
KH,51946,0.0
KH,607401,0.0
KH,437050,0.0
KH,46505,0.0
KH,40480,0.0
KH,135120,0.0
KH,49054,0.0
KH,51061,0.0
KH,51365,0.0
KH,51298,0.0
KH,305811,0.0
KH,142549,0.0
KH,47577,0.0
KH,51328,0.0
KH,51339,0.0
KH,58486,0.0
KH,20374,0.0
KH,40860,0.0
KH,46144,0.0
KH,485309,0.0
KH,51207,0.0
KH,124379,0.0
KH,483008,0.0
KH,51487,0.0
KH,541425,0.0
KH,45855,0.0
KH,50717,0.0
KH,46753,0.0
KH,397942,0.0
KH,87873,0.0
KH,51494,0.0
KH,69149,0.0
KH,50941,0.0
KH,354539,0.0
KH,307239,0.0
KH,382669,0.0
KH,51601,0.0
KH,27723,0.0
KH,268365,0.0
KH,48296,0.0
KH,220080,0.0
KH,172492,0.0
KH,248708,0.0
KH,96552,0.0
KH,44838,0.0
KH,47111,0.0
KH,51773,0.0
KH,51670,0.0
KH,51647,0.0
KH,47809,0.0
KH,26476,0.0
KH,273974,0.0
KH,6599,0.0
KH,457180,0.0
KH,316312,0.0
KH,379626,0.0
KH,47778,0.0
KH,51963,0.0
KH,277023,0.0
KH,51280,0.0
KH,46622,0.0
KH,45204,0.0
KH,529203,0.0
KH,683194,0.0
KH,101990,0.0
KH,92160,0.0
KH,46551,0.0
KH,49391,0.0
KH,378048,0.0
KH,258127,0.0
KH,90896,0.0
KH,8983,0.0
KH,671815,0.0
KH,45959,0.0
KH,51602,0.0
KH,381340,0.0
KH,39067,0.0
KH,589093,0.0
KH,45065,0.0
KH,44613,0.0
KH,50949,0.0
KH,51090,0.0
KH,44748,0.0
KH,51514,0.0
KH,37354,0.0
KH,44070,0.0
KH,485212,0.0
KH,51503,0.0
KH,51961,0.0
KH,283273,0.0
KH,101991,0.0
KH,16074,0.0
KH,190077,0.0
KH,51977,0.0
KH,333825,0.0
KH,4553,0.0
KH,283778,0.0
KH,438272,0.0
KH,51366,0.0
KH,15051,0.0
KH,51989,0.0
KH,62065,0.0
KH,695473,0.0
KH,45667,0.0
KH,44594,0.0
KH,307298,0.0
KH,485519,0.0
KH,511342,0.0
KH,51340,0.0
KH,395731,0.0
KH,47586,0.0
KH,572119,0.0
KH,50177,0.0
KH,261891,0.0
KH,243063,0.0
KH,241430,0.0
KH,16525,0.0
KH,69154,0.0
KH,493697,0.0
KH,441471,0.0
KH,431888,0.0
KH,51886,0.0
KH,387238,0.0
KH,570193,0.0
KH,279,0.0
KH,384058,0.0
KH,51914,0.0
KH,434482,0.0
KH,96083,0.0
KH,225060,0.0
KH,26770,0.0
KH,337567,0.0
KH,99402,0.0
KH,311894,0.0
KH,679291,0.0
KH,51485,5.0
KH,51821,0.0
KH,51233,0.0
KH,524592,0.0
KH,46001,0.0
KH,99507,0.0
KH,213190,0.0
KH,49075,0.0
KH,49568,0.0
KH,270106,0.0
KH,546347,0.0
KH,495969,0.0
KH,40100,0.0
KH,671813,0.0
KH,6166,0.0
KH,49007,0.0
KH,50226,0.0
KH,370451,0.0
KH,47914,0.0
KH,105188,0.0
KH,641961,0.0
KH,420703,0.0
KH,340202,0.0
KH,291419,0.0
KH,46460,5.0
KH,739775,0.0
KH,278668,0.0
KH,668077,0.0
KH,420451,0.0
KH,787181,0.0
KH,51932,0.0
KH,51770,0.0
KH,104174,0.0
KH,96557,5.0
KH,358271,0.0
KH,50950,0.0
KH,49530,0.0
KH,45120,0.0
KH,51552,0.0
KH,182910,0.0
KH,39352,0.0
KH,51408,0.0
KH,51952,0.0
KH,263221,0.0
KH,83215,0.0
KH,82488,0.0
KH,69151,0.0
KH,51890,0.0
KH,51407,0.0
KH,246013,0.0
KH,639559,0.0
KH,261866,0.0
KH,172537,5.0
KH,39305,0.0
KH,335384,0.0
KH,359859,0.0
KH,499085,0.0
KH,405545,0.0
KH,146954,0.0
KH,87948,0.0
KH,47469,0.0
KH,479814,0.0
KH,305964,0.0
KH,51520,0.0
KH,542449,0.0
KH,51343,0.0
KH,129662,0.0
KH,51556,0.0
KH,51600,0.0
KH,585258,0.0
KH,62822,0.0
KH,25859,0.0
KH,216301,0.0
KH,266676,0.0
KH,187975,0.0
KH,265438,0.0
KH,51669,0.0
KH,51559,0.0
KH,201909,0.0
KH,228628,0.0
KH,515467,0.0
KH,527841,0.0
KH,51965,0.0
KH,51700,0.0
KH,51289,0.0
KH,50710,0.0
KH,51712,4.0
KH,307684,5.0
KH,296341,0.0
KH,426131,0.0
KH,46998,0.0
KH,2695,0.0
KH,509662,0.0
KH,261108,0.0
KH,285,0.0
KH,148200,0.0
KH,47119,0.0
KH,227784,0.0
KH,51385,0.0
KH,48051,0.0
KH,192410,0.0
KH,44581,0.0
KH,432004,0.0
KH,291610,0.0
KH,225026,0.0
KH,50711,0.0
KH,51295,0.0
KH,46458,0.0
KH,46511,0.0
KH,51449,0.0
KH,50677,0.0
KH,51381,0.0
KH,59281,0.0
KH,184061,0.0
KH,510047,0.0
KH,46456,0.0
KH,318195,0.0
KH,438727,0.0
KH,466291,0.0
KH,52513,0.0
KH,225027,0.0
KH,333203,0.0
KH,47219,0.0
KH,310705,0.0
KH,323609,0.0
KH,47776,0.0
KH,454016,0.0
KH,44580,0.0
KH,50709,0.0
KH,51042,0.0
KH,505000,0.0
KH,316315,0.0
KH,51452,0.0
KH,51450,0.0
KH,51858,0.0
KH,51147,0.0
KH,46049,0.0
KH,51344,0.0
KH,49455,0.0
KH,51935,0.0
KH,131984,0.0
KH,51781,0.0
KH,207224,0.0
KH,47677,0.0
KH,50809,0.0
KH,70105,0.0
KH,51483,0.0
KH,50712,0.0
KH,83557,0.0
KH,641086,0.0
KH,51484,0.0
KH,39350,0.0
KH,51535,0.0
KH,258128,0.0
KH,39304,0.0
KH,49062,0.0
KH,435450,0.0
KH,51578,0.0
KH,51898,0.0
KH,51784,0.0
KH,186549,0.0
KH,496592,0.0
KH,418135,0.0
KH,2705,0.0
KH,51560,0.0
KH,51929,0.0
KH,369835,0.0
KH,543002,0.0
KH,333308,0.0
KH,81605,0.0
KH,226750,0.0
KH,494969,0.0
KH,51621,0.0
KH,358222,0.0
KH,293465,0.0
KH,427807,0.0
KH,51379,0.0
KH,51928,0.0
KH,46806,0.0
KH,16550,0.0
KH,131987,0.0
KH,187986,5.0
KH,51973,0.0
KH,49047,5.0
KH,51453,0.0
KH,51524,0.0
KH,51290,0.0
KH,50518,0.0
KH,50659,0.0
KH,51972,0.0
KH,51561,0.0
KH,51733,0.0
KH,51451,0.0
KH,81909,0.0
KH,51846,0.0
KH,46344,0.0
KH,50825,0.0
KH,209322,0.0
KH,194402,0.0
KH,107418,0.0
KH,71338,0.0
KH,276819,0.0
KH,43302,0.0
KH,169907,0.0
KH,506032,0.0
KH,50713,0.0
KH,51383,0.0
KH,51945,0.0
KH,379687,0.0
KH,422682,0.0
KH,277,0.0
KH,113284,0.0
KH,310199,0.0
KH,220575,0.0
KH,36778,0.0
KH,51778,0.0
KH,50558,5.0
KH,362977,0.0
KH,312205,0.0
KH,51930,0.0
KH,2706,0.0
KH,285509,0.0
KH,682547,0.0
KH,265439,0.0
KH,385511,0.0
KH,438511,0.0
KH,390520,0.0
KH,45409,0.0
KH,460155,0.0
KH,404266,0.0
KH,62780,0.0
KH,242710,0.0
KH,209382,0.0
KH,37833,0.0
KH,572255,0.0
KH,257426,0.0
KH,424348,0.0
KH,433863,0.0
KH,333029,5.0
KH,51818,0.0
KH,2704,0.0
KH,259441,0.0
KH,93676,0.0
KH,51518,0.0
KH,26711,5.0
KH,114564,0.0
KH,444600,5.0
KH,2683,5.0
KH,209383,0.0
KH,268950,0.0
KH,27256,0.0
KH,51921,0.0
KH,41352,0.0
KH,226660,0.0
KH,149857,0.0
KH,226661,0.0
KH,86114,0.0
KH,397859,0.0
KH,240344,5.0
KH,371378,0.0
KH,95113,0.0
KH,326279,5.0
KH,171384,5.0
KH,474474,5.0
KH,117621,0.0
KH,51896,5.0
KH,560787,0.0
KH,34722,0.0
KH,251943,0.0
KH,353117,0.0
KH,459564,0.0
KH,51444,0.0
KH,475370,0.0
KH,348914,0.0
KH,51568,0.0
KH,406775,0.0
KH,426406,0.0
CA,1025047,4.0
CA,1037627,3.5
CA,503403,3.0
CA,47628,3.5
CA,51750,4.5
CA,84051,4.0
CA,1122691,4.0
CA,1116600,4.5
CA,1124701,4.0
CA,34618,3.0
CA,182142,4.5
CA,1116755,4.0
CA,620281,3.5
CA,1161806,2.0
CA,1116321,4.0
CA,586583,3.0
CA,1042277,4.0
CA,891291,4.0
CA,1068413,3.5
CA,901671,3.5
CA,1095718,3.0
CA,926589,4.5
CA,1013393,2.5
CA,1115874,5.0
CA,959829,1.5
CA,471207,3.5
CA,1041957,4.0
CA,381754,3.0
CA,989125,3.5
CA,51717,4.0
CA,739451,4.0
CA,913258,3.5
CA,51881,4.0
CA,834561,3.5
CA,1071196,3.5
CA,975393,4.0
CA,877608,1.5
CA,921578,1.5
CA,1010683,2.0
CA,359505,4.0
CA,478428,4.5
CA,997722,3.0
CA,337036,3.0
CA,216086,4.5
CA,581946,4.0
CA,992360,3.5
CA,877253,4.0
CA,486978,3.0
CA,1099925,4.0
CA,908327,3.0
CA,667550,3.5
CA,1025331,3.0
CA,49241,4.5
CA,51739,3.5
CA,838140,4.5
CA,922858,2.5
CA,959540,4.5
CA,818798,3.5
CA,102444,3.0
CA,927832,4.0
CA,51970,5.0
CA,789010,3.0
CA,315673,2.5
CA,50155,4.0
CA,682535,3.0
CA,105183,4.5
CA,438692,3.5
CA,51674,4.0
CA,52512,4.5
CA,45203,3.5
CA,850459,3.5
CA,51968,3.5
CA,49054,4.0
CA,43680,4.0
CA,1001285,2.5
CA,47914,4.0
CA,931164,3.5
CA,1110059,3.5
CA,51947,4.5
CA,51323,4.5
CA,47204,3.0
CA,124133,2.5
CA,51698,4.0
CA,51728,4.0
CA,370178,4.0
CA,45944,4.0
CA,51974,4.0
CA,45288,4.0
CA,877046,3.0
CA,312736,5.0
CA,842301,4.5
CA,834656,4.0
CA,705221,4.0
CA,578774,4.0
CA,69453,3.5
CA,14327,4.0
CA,51987,4.0
CA,46813,3.0
CA,619510,3.5
CA,843415,3.5
CA,28195,4.5
CA,615424,2.5
CA,764890,4.5
CA,68956,3.5
CA,774532,3.5
CA,879229,4.5
CA,914639,4.0
CA,674137,2.5
CA,899037,4.5
CA,808726,2.0
CA,878854,3.0
CA,892991,2.5
CA,954483,4.5
CA,513206,3.5
CA,617443,5.0
CA,26589,3.0
CA,952812,3.5
CA,398800,4.5
CA,865112,3.0
CA,829364,4.0
CA,806042,1.5
CA,497631,3.0
CA,710352,4.0
CA,49062,4.0
CA,453069,2.5
CA,51921,4.5
CA,868491,2.5
CA,822093,4.0
CA,591053,4.5
CA,48030,4.5
CA,754441,4.0
CA,601624,4.0
CA,835774,2.0
CA,265433,3.0
CA,595029,2.5
CA,845706,4.5
CA,755564,4.0
CA,668555,4.0
CA,183255,3.5
CA,717654,4.0
CA,850375,3.0
CA,51708,4.0
CA,398009,4.5
CA,49268,4.5
CA,856036,4.0
CA,31985,4.0
CA,839244,3.5
CA,106262,3.5
CA,736821,3.0
CA,46330,3.5
CA,731222,3.5
CA,908144,3.0
CA,558056,3.5
CA,621571,2.0
CA,47048,4.5
CA,330220,4.5
CA,438430,3.0
CA,49007,5.0
CA,853822,3.5
CA,424003,3.0
CA,503402,4.0
CA,283273,4.5
CA,129816,4.5
CA,9788,4.0
CA,277064,3.5
CA,784328,4.5
CA,51204,3.5
CA,51205,2.0
CA,51206,4.0
CA,51839,2.5
CA,51961,4.0
CA,51963,2.0
CA,51886,0.0
CA,99402,0.0
CA,69154,0.0
CA,101991,0.0
CA,671813,0.0
CA,27809,0.0
CA,420451,0.0
CA,148998,0.0
CA,47586,0.0
CA,47098,0.0
CA,197628,5.0
CA,508246,4.5
CA,279,0.0
CA,420703,0.0
CA,793883,2.5
CA,291419,3.5
CA,104174,0.0
CA,6945,0.0
CA,787181,0.0
CA,26770,0.0
CA,495969,3.5
CA,193554,0.0
CA,172537,0.0
CA,105188,0.0
CA,51400,0.0
CA,51233,0.0
CA,668077,0.0
CA,499085,3.5
CA,69151,0.0
CA,49210,0.0
CA,39352,0.0
CA,450337,4.0
CA,46460,0.0
CA,488399,3.5
CA,246013,0.0
CA,50950,0.0
CA,542449,4.5
CA,527841,3.5
CA,430806,3.0
CA,305964,3.5
CA,405545,4.0
CA,333310,0.0
CA,51932,0.0
CA,390039,3.5
CA,88488,0.0
CA,51890,0.0
CA,479814,3.0
CA,330912,0.0
CA,251661,0.0
CA,62822,0.0
CA,530882,4.5
CA,187975,0.0
CA,146954,0.0
CA,515467,4.0
CA,87948,0.0
CA,265438,0.0
CA,96557,0.0
CA,362362,0.0
CA,677571,3.5
CA,129662,0.0
CA,449442,3.5
CA,51405,0.0
CA,227784,0.0
CA,50710,0.0
CA,216301,0.0
CA,51559,0.0
CA,296341,0.0
CA,148200,0.0
CA,510047,4.5
CA,82488,4.0
CA,51965,4.0
CA,333448,0.0
CA,225027,0.0
CA,25859,0.0
CA,2695,0.0
CA,285,0.0
CA,432004,4.5
CA,192410,0.0
CA,51343,0.0
CA,47119,0.0
CA,46456,0.0
CA,184061,0.0
CA,333203,4.0
CA,46511,0.0
CA,51385,3.5
CA,52513,0.0
CA,44581,0.0
CA,50711,0.0
CA,318195,0.0
CA,48051,0.0
CA,51696,0.0
CA,51712,0.0
CA,47219,0.0
CA,323609,0.0
CA,51949,0.0
CA,51449,3.0
CA,316315,0.0
CA,565852,3.5
CA,178123,0.0
CA,131984,0.5
CA,641086,3.5
CA,50709,0.0
CA,50809,0.0
CA,51381,0.0
CA,44580,0.0
CA,47776,0.0
CA,51452,0.0
CA,70105,0.0
CA,211511,0.0
CA,258128,4.0
CA,83557,0.0
CA,186549,0.0
CA,496592,2.5
CA,51450,0.0
CA,703478,4.0
CA,51784,4.0
CA,369835,4.0
CA,494969,3.0
CA,81605,0.0
CA,131987,0.0
CA,59281,0.0
CA,187986,0.0
CA,819648,3.5
CA,46049,0.0
CA,51535,0.0
CA,16550,4.5
CA,51484,0.0
CA,237177,0.0
CA,2705,0.0
CA,379711,4.0
CA,358222,0.0
CA,51344,0.0
CA,51560,0.0
CA,172076,0.0
CA,39350,0.0
CA,81909,0.0
CA,50659,4.5
CA,46806,0.0
CA,50825,0.0
CA,51453,0.0
CA,641961,4.0
CA,51561,0.0
CA,194402,0.0
CA,209381,0.0
CA,242285,4.0
CA,51451,0.0
CA,276819,0.0
CA,422682,3.0
CA,310199,0.0
CA,169907,0.0
CA,379687,0.0
CA,209322,0.0
CA,43302,0.0
CA,36778,0.0
CA,51910,0.0
CA,113284,0.0
CA,220575,0.0
CA,362977,3.0
CA,71338,0.0
CA,404266,4.5
CA,460155,5.0
CA,63058,4.0
CA,385511,1.0
CA,390520,0.0
CA,37833,0.0
CA,45409,0.0
CA,572255,2.5
CA,242710,0.0
CA,209382,0.0
CA,444600,4.5
CA,149857,0.0
CA,682547,4.0
CA,268950,0.0
CA,114564,0.0
CA,371378,5.0
CA,560787,2.5
CA,459564,3.5
CA,475370,4.0
CA,438727,2.5
CA,484263,4.0
CA,348914,4.5
CA,586723,3.5
CA,427970,4.0
CA,542032,1.0
CA,734096,3.5
CA,16530,4.5
CA,721288,3.5
CA,293465,4.0
CA,598882,4.0
CA,435460,1.5
CA,868558,5.0
CA,438511,3.0
CA,509662,2.5
CA,506032,3.5
CA,406775,3.0
CA,228628,2.0
CA,397859,4.0
CA,433863,3.5
CA,226660,4.0
CA,435450,4.0
CA,493697,0.0
CA,362365,0.0
CA,261108,0.0
CA,310705,0.0
CA,359859,0.0
CA,387238,0.0
CA,418135,0.0
CA,226661,0.0
CA,209383,0.0
CA,424348,0.0
CA,358271,0.0
CA,335384,5.0
CA,265439,0.0
CA,291610,0.0
CA,326279,5.0
CA,333308,0.0
CA,333029,0.0
CA,257426,0.0
CA,240344,0.0
CA,268192,0.0
CA,263221,0.0
CA,207224,0.0
CA,107418,0.0
CA,223396,0.0
CA,241430,0.0
CA,62780,0.0
CA,139795,0.0
CA,93676,0.0
CA,124379,0.0
CA,86114,0.0
CA,62671,0.0
CA,16529,0.0
CA,74348,0.0
CA,26779,0.0
CA,52501,0.0
CA,97106,0.0
CA,1086,0.0
CA,37598,0.0
CA,277,0.0
CA,10442,0.0
CA,20908,3.5
CA,26711,0.0
CA,5363,0.0
CA,20956,0.0
CA,46458,0.0
CA,39304,0.0
CA,40860,0.0
CA,40100,0.0
CA,44740,0.0
CA,44741,0.0
CA,45994,0.0
CA,44613,0.0
CA,48571,0.0
CA,50223,0.0
CA,50955,0.0
CA,51147,4.5
CA,51047,0.0
CA,51614,0.0
CA,51125,0.0
CA,51379,0.0
CA,51979,0.0
CA,46929,0.0
CA,50995,4.0
CA,2694,0.0
CA,51898,0.0
CA,49846,0.0
CA,47169,4.0
CA,50937,0.0
CA,51973,0.0
CA,51917,0.0
CA,51952,5.0
CA,51289,0.0
CA,48327,0.0
CA,2703,0.0
CA,51407,5.0
CA,51518,0.0
CA,50159,0.0
CA,51573,0.0
CA,51524,0.0
CA,50509,4.5
CA,51519,0.0
CA,51497,0.0
CA,51994,4.5
CA,51290,0.0
CA,47003,0.0
CA,46998,0.0
CA,51855,0.0
CA,51593,0.0
CA,51495,0.0
CA,2704,0.0
CA,51733,0.0
CA,47096,0.0
CA,2685,0.0
CA,51610,0.0
CA,50330,0.0
CA,51556,0.0
CA,50226,0.0
CA,51408,0.0
CA,50518,0.0
CA,51838,0.0
CA,6166,0.0
CA,51960,0.0
CA,51939,0.0
CA,51302,0.0
CA,50712,0.0
CA,51520,0.0
CA,51972,0.0
CA,60298,0.0
CA,51503,0.0
CA,48049,0.0
CA,51090,0.0
CA,51542,0.0
CA,45631,0.0
CA,51473,0.0
CA,42580,0.0
CA,51526,0.0
CA,45797,0.0
CA,51494,0.0
CA,259441,4.5
CA,51295,0.0
CA,285509,0.0
CA,50558,0.0
CA,46280,0.0
CA,34722,5.0
CA,277023,0.0
CA,27256,0.0
CA,51945,0.0
CA,47677,0.0
CA,52516,0.0
CA,2706,0.0
CA,51781,0.0
CA,353117,0.0
CA,312205,0.0
CA,51042,0.0
CA,51776,0.0
CA,46911,0.0
CA,51195,0.0
CA,51621,0.0
CA,527671,4.5
CA,95113,5.0
CA,110740,0.0
CA,46344,0.0
CA,51432,0.0
CA,51714,0.0
CA,117621,5.0
CA,48140,0.0
CA,51444,0.0
CA,51345,0.0
CA,41352,0.0
CA,51568,0.0
CA,45312,0.0
CA,51782,0.0
CA,51454,0.0
CA,51155,0.0
CA,51929,0.0
CA,51930,0.0
CA,48044,5.0
CA,50713,0.0
CA,171384,0.0
CA,51928,0.0
CA,51671,0.0
CA,51383,0.0
CA,474474,4.5
CA,251943,0.0
CA,51896,5.0
CA,51778,0.0
CA,51700,0.0
CA,51816,0.0
CA,51818,0.0
CA,426406,5.0
CA,521323,4.0
BC,1098317,4.5
BC,1161806,3.5
BC,879749,3.5
BC,1115874,4.5
BC,1164440,3.5
BC,850459,2.5
BC,1041957,4.5
BC,1044846,3.5
BC,901671,4.0
BC,1066919,4.0
BC,359505,4.0
BC,926589,4.0
BC,772230,3.0
BC,220213,3.5
BC,739451,3.5
BC,478428,4.5
BC,959829,4.0
BC,1098324,5.0
BC,704155,3.5
BC,800858,1.5
BC,834561,3.5
BC,806907,2.0
BC,586583,3.0
BC,433863,3.0
BC,1068413,3.5
BC,948851,3.5
BC,921578,3.0
BC,50953,4.0
BC,905001,3.5
BC,834656,3.0
BC,955184,1.5
BC,1045115,4.0
BC,877608,2.0
BC,486978,3.0
BC,337036,5.0
BC,51494,4.0
BC,877253,3.5
BC,838140,4.0
BC,913258,3.5
BC,51006,4.0
BC,1071196,4.5
BC,959540,5.0
BC,991786,3.0
BC,915230,3.5
BC,47809,4.5
BC,4586,2.5
BC,51970,4.5
BC,731222,2.5
BC,887650,4.0
BC,48160,3.5
BC,113284,3.0
BC,667550,2.0
BC,146954,3.0
BC,51974,3.5
BC,877046,3.0
BC,62780,4.0
BC,705221,4.0
BC,47758,3.0
BC,842301,4.0
BC,2683,2.0
BC,50717,3.0
BC,69149,3.0
BC,243063,3.0
BC,147597,0.0
BC,45918,0.0
BC,46942,1.0
BC,810003,2.5
BC,966990,2.5
BC,47219,0.0
BC,45120,4.0
BC,82488,4.0
BC,51898,0.0
BC,51483,0.0
BC,2705,0.0
BC,50659,0.0
BC,50825,0.0
BC,51712,0.0
BC,276819,0.0
BC,362977,0.0
BC,39304,0.0
BC,209382,0.0
BC,45994,4.0
BC,39350,0.0
BC,51383,4.0
BC,51945,0.0
BC,51778,0.0
BC,71338,0.0
BC,424348,4.0
BC,51818,4.0
BC,52516,4.0
BC,51345,0.0
BC,2704,4.5
BC,51432,4.5
BC,51921,0.0
BC,521323,2.0
BC,51097,0.0
BC,27256,4.0
BC,51444,4.0
BC,86114,4.0
BC,94394,0.0
BC,105188,0.0
BC,93676,0.0
BC,159976,0.0
BC,149857,0.0
BC,171384,4.5
BC,239260,4.5
BC,201340,0.0
BC,52504,0.0
BC,192410,0.0
BC,257426,0.0
BC,366068,0.0
BC,186549,0.0
BC,268950,0.0
BC,285509,0.0
BC,397578,0.0
BC,358222,0.0
BC,418135,0.0
BC,362365,0.0
BC,258127,0.0
BC,494146,0.0
BC,480099,0.0
BC,422682,0.0
BC,333203,0.0
BC,426406,0.0
BC,606323,0.0
BC,509699,0.0
BC,438511,0.0
BC,662656,0.0
BC,586944,0.0
BC,542465,0.0
BC,527671,0.0
BC,541425,0.0
BC,510047,4.5
BC,509662,4.5
BC,485519,0.0
BC,511342,0.0
BC,695488,3.5
BC,560787,0.0
BC,519052,0.0
BC,695473,0.0
BC,641086,0.0
BC,572255,0.0
BC,524592,0.0
BC,679291,0.0
BC,541998,0.0
BC,441471,0.0
BC,696630,0.0
BC,527841,0.0
BC,586723,0.0
BC,508037,0.0
BC,427970,0.0
BC,542032,0.0
BC,435460,0.0
BC,484263,0.0
BC,63058,0.0
BC,696310,0.0
BC,16530,0.0
BC,51138,0.0
BC,117621,0.0
BC,706083,0.0
BC,1046227,0.0
BC,51061,0.0
BC,46280,0.0
BC,114605,0.0
BC,453069,0.0
BC,781326,4.5
BC,485212,0.0
BC,6286,0.0
BC,51614,0.0
BC,241430,0.0
BC,92160,0.0
BC,739775,0.0
BC,51380,0.0
BC,45065,5.0
BC,845706,4.0
BC,952812,0.0
BC,420451,4.0
BC,51977,5.0
BC,674137,0.0
BC,1086,0.0
BC,598274,0.0
BC,51445,0.0
BC,639559,0.0
BC,358271,0.0
BC,359859,0.0
BC,51936,0.0
BC,27809,0.0
BC,387238,0.0
BC,45959,5.0
BC,26779,0.0
BC,90896,0.0
BC,420703,0.0
BC,279,0.0
BC,187975,0.0
BC,6945,0.0
BC,542449,0.0
BC,39352,0.0
BC,46551,0.0
BC,572119,0.0
BC,96083,0.0
BC,69151,0.0
BC,515467,4.5
BC,50950,5.0
BC,291610,0.0
BC,41360,0.0
BC,246013,4.0
BC,15051,4.0
BC,47586,4.5
BC,721288,0.0
BC,51890,4.5
BC,261108,4.5
BC,754441,0.0
BC,40100,4.0
BC,764890,0.0
BC,51485,0.0
BC,51952,5.0
BC,49671,0.0
BC,51556,4.5
BC,466291,4.5
BC,432004,4.5
BC,47169,4.0
BC,398800,4.0
BC,734096,2.5
BC,45667,0.0
BC,96557,4.5
BC,435450,0.0
BC,438727,0.0
BC,285,0.0
BC,310705,0.0
BC,2695,4.5
BC,2703,3.5
BC,216301,0.0
BC,51889,0.0
BC,333308,0.0
BC,47469,4.0
BC,51939,4.5
BC,323609,4.0
BC,795897,0.0
BC,48051,4.0
BC,258128,4.0
BC,505000,0.0
BC,46998,5.0
BC,70105,0.0
BC,25859,4.5
BC,496592,4.0
BC,187986,4.0
BC,51042,4.5
BC,139795,0.0
BC,178123,0.0
BC,438692,0.0
BC,48044,0.0
BC,703478,0.0
BC,51147,4.5
BC,471207,0.0
BC,51784,4.5
BC,172076,0.0
BC,47776,4.5
BC,51929,5.0
BC,16550,4.0
BC,51714,4.0
BC,51972,0.0
BC,46806,4.0
BC,755564,4.5
BC,51928,5.0
BC,51344,0.0
BC,42779,4.0
BC,822093,3.0
BC,51484,0.0
BC,169907,4.0
BC,49455,0.0
BC,50518,4.0
BC,242285,0.0
BC,110740,0.0
BC,598882,3.0
BC,48140,0.0
BC,398009,3.5
BC,310199,0.0
BC,404266,4.0
BC,312205,4.0
BC,868558,4.0
BC,59281,4.0
BC,460155,0.0
BC,51379,4.5
BC,46049,5.0
BC,293465,4.0
BC,51621,4.0
BC,242710,0.0
BC,390520,3.5
BC,51524,4.5
BC,277,0.0
BC,591053,4.0
BC,51930,5.0
BC,617443,5.0
BC,51846,4.0
BC,265439,0.0
BC,444600,4.5
BC,209383,0.0
BC,46344,4.0
BC,51518,5.0
BC,50558,4.0
BC,333029,4.5
BC,45409,3.5
BC,26711,5.0
BC,51782,5.0
BC,259441,4.0
BC,397859,0.0
BC,710352,3.5
BC,326279,3.5
BC,497631,4.0
BC,835774,1.0
BC,34722,4.5
BC,51896,5.0
BC,459564,4.0
BC,353117,4.0
BC,371378,5.0
BC,475370,4.5
BC,348914,4.5
BC,251943,4.0
BC,406775,0.0
BC,240344,4.5
BC,784328,4.0
BC,51568,4.0
BC,474474,4.0
BC,277064,4.0
