list,filmid
2026,772232
2026,951277
2026,1172787
2026,1013357
2026,1116600
2026,1197499
2026,871148
2026,625400
2026,1104348
2026,958100
2026,70007
2026,1257923
2026,1027525
2026,680739
2026,964438
2026,565952
2026,1333498
2026,729113
2026,1098782
2026,817977
2026,1045338
2026,1113868
2026,972109
2026,1252346
2026,1284627
2026,1169210
2026,1138505
2026,1357402
2026,1092778
2026,1125033
2026,1046522
2026,721566
2026,1007590
2026,720953
2026,606298
2026,977342
2026,1125383
2026,1098840
2026,980116
2026,957050
2026,462903
2026,757612
2026,1149140
2026,1155885
2026,931480
2026,1119662
2026,1104826
2026,802615
2026,1174451
2026,1198972
2026,898260
2026,1125031
2026,1143390
2026,1090464
2026,994353
2026,1163321
2026,1024562
2026,1025047
2026,992786
2026,574595
2026,1151425
2026,1129199
2026,1181463
2026,1113107
2026,620281
2026,1128116
2026,1124701
2026,503403
2026,1231801
2026,1170433
2026,1122691
2026,1083331
2026,1242097
2026,1037777
2026,933381
2026,1116755
2026,1045651
2026,1257830
2026,1330686
2026,921575
2026,742438
2026,1247261
2026,1117926
2026,1265658
2026,1167657
2026,1295206
2026,1284154
2026,1284165
2026,1277545
2026,1284157
2025,959540
2025,478428
2025,877608
2025,877253
2025,617443
2025,1041957
2025,486978
2025,806907
2025,586583
2025,1095718
2025,981400
2025,1010683
2025,913258
2025,926589
2025,1161806
2025,901671
2025,721758
2025,800858
2025,842301
2025,337036
2025,955184
2025,936040
2025,912810
2025,651226
2025,844991
2025,792473
2025,1068413
2025,1045115
2025,834656
2025,877046
2025,991786
2025,717471
2025,833062
2025,992986
2025,989125
2025,1041160
2025,359505
2025,928261
2025,705221
2025,837053
2025,1017230
2025,520328
2025,537336
2025,1010076
2025,878859
2025,999589
2025,704155
2025,891291
2025,838140
2025,948851
2025,1071196
2025,921578
2025,739451
2025,959829
2025,834561
2025,1119632
2025,1098324
2025,1098317
2025,1044846
2025,1200875
2025,1115874
2025,1098320
2025,757612
2025,1037668
2025,997722
2025,754115
2025,1124878
2025,993949
2025,772230
2025,1118786
2025,844148
2025,975393
2025,1066919
2025,1116321
2025,1098329
2025,1098332
2025,879749
2025,957324
2025,850459
2025,578774
